icpsr,pca_1,pca_2,mds_1,mds_2,umap_1,umap_2
10713,-2.382019816346155,-16.840980432479725,-16.626200053121007,27.349404722018786,12.163508,-3.7804847
14066,-9.171238843917104,5.164319835602968,13.390913914527854,-8.126117094272152,15.985042,-4.3721695
14263,13.382411461246672,-2.0570909223387064,-5.598145756580199,-20.251925481808993,-0.08576464,1.7376384
14657,-10.477408903087756,4.797038252955709,9.205385234758651,7.166369939603846,13.317887,-6.21503
14854,-11.1001799739431,3.1177707342067578,11.949057660415747,11.09644002501799,15.277977,-6.1121655
14863,-6.385989650843402,4.687310502704917,5.892372385457657,-3.6110865396869274,16.1461,-5.8176985
14873,14.170666970520088,-1.0681473775634176,-17.703783332542724,3.4846373219659807,-0.0056815185,1.1752174
15019,13.401215769892522,0.042072547217701275,-11.67337352444737,-3.736288647351396,1.8972508,1.9440136
15029,15.777411951333164,-1.2690904887891887,-16.39184840761928,-4.449455578345871,2.2312381,1.3185259
15033,17.06597952082089,0.5622662514003323,-14.588030779050035,-9.679764614069535,-0.15737878,1.2537609
15085,-10.773465952036297,4.620174747961563,15.386801665498844,3.8281773052266326,13.821057,-5.7735634
15124,15.234223288684108,-0.2773948519655861,-10.563569909002426,-16.107922448296772,-0.16396844,1.6821808
15410,15.226146363588533,-0.9576423790772687,-20.077832268164894,-3.886354161154003,-0.34497857,1.2157916
15431,15.44850808939723,-1.638186048350263,-22.220985063546326,-6.536298466933442,0.007985619,0.6051476
15438,16.12711019332518,0.13431969724454823,-13.297012649578933,-12.403158407651748,-0.012247183,1.3960673
15444,1.0020441054360154,-13.756318819718894,11.853893675247837,-29.843401745437436,12.148107,-3.7708635
15445,-11.775678171459116,3.5783209256322377,15.159070914127348,7.663965739297606,14.052999,-6.05873
15446,-8.485214402362395,6.019240610563434,5.003896747872112,3.572544682375154,16.379406,-4.323501
15448,13.39420534478584,-4.7140804716552465,-7.963091533675288,-22.494495985437435,2.2776825,1.0403368
15454,17.38847232179529,0.7617061171286806,-15.420692693209338,-10.620636054917453,-0.14344214,0.9333913
15455,-8.985912713448476,4.370525817312735,14.064237835644931,-8.032927135196449,13.030809,-5.9119334
15603,14.210189344483597,-2.047631760013851,-8.765562195414711,-16.743989858797782,1.3701854,1.4840031
15612,16.539616316779977,-0.4246427411380865,-15.386507234927729,-8.182693869379568,1.4721755,1.4077688
15616,16.28610479090828,-0.6932122713310177,-17.962274284723808,-8.87832159525836,-0.0116783865,1.4018815
15621,-10.239637309217253,2.6633978836970487,17.995450249542127,-6.666580726028217,13.999296,-5.795067
15634,-7.730626299151359,-0.9784394618546981,15.343846082432627,-16.202047434784653,14.077052,-3.753827
20104,16.579860906314202,-0.256783640202191,-14.43749120583528,-8.884944987162358,0.571374,1.0484425
20107,-10.718610055629414,3.0442831803109853,9.543026542039845,11.604882787049943,13.723291,-6.434115
20108,16.084012323704158,-1.811241639096215,-17.905577980018517,-4.249737691044727,1.7738698,1.2685719
20119,15.357538682548796,-0.49133759036577157,-10.698523069673625,-15.141753689154486,-0.036380712,1.8259132
20122,15.992355579136168,-0.8810402311731765,-16.075032695425996,-5.411962133170514,1.803803,1.3049371
20124,-10.667561947051182,3.058499929089145,5.2612216128073594,13.404701653965931,14.30531,-3.9290826
20130,-16.98333167058012,-11.906352680121731,16.139666862617208,27.310869700176447,12.391157,-3.9704862
20134,-11.982959063720585,2.149037003193932,17.69929706781647,9.91449907696117,13.727129,-4.891468
20136,16.52746745213435,-0.20999351228524266,-14.07941434348259,-10.715096856403129,-0.32644808,1.4558623
20138,-10.56839148337747,4.684122670053317,9.68002505884414,4.263585415372447,14.374417,-6.480058
20139,-10.485104402780735,4.800387038077142,9.043171411148354,5.5451856467411105,14.453337,-5.882437
20145,15.617698101774282,-1.8187921440058556,-12.68319449073397,-12.60999494233859,1.767809,0.531578
20147,14.857590685948749,-2.5115571899025024,-19.298445833994027,0.11649437695212012,1.9988484,1.1516722
20301,-9.83694835598288,6.2733884527370165,12.599889196048785,-3.291208355629943,15.653183,-4.4643006
20304,-18.273716139305986,-10.51047994460626,20.700102714105025,24.64361782843492,12.257465,-3.8503492
20305,15.963173152547334,-2.256870854513272,-22.48531238313364,-3.1115361673088775,0.9511423,0.5668531
20307,-10.010820494052329,5.2533165459308995,7.85127367885145,4.215659431029421,15.14752,-6.174551
20310,16.32650347154138,-0.6413570412226441,-18.030883109721817,-9.490413931033984,-0.07173392,1.02519
20316,-9.161956340651448,2.1980738444325016,14.886690719846614,-11.675918251138711,14.035258,-3.7296793
20321,13.03216823848653,-2.902184557260397,-16.21888067152879,5.4889491801534165,1.8868227,1.6715671
20325,-10.34271287188857,5.056221826424463,13.888322112576654,2.602184196526766,13.867176,-6.0491447
20329,14.990344095869643,-1.333206626849584,-14.449018661984141,-3.1867554672587395,1.7673392,1.7513659
20337,-10.513221346795353,4.075513248508324,8.94549029568088,12.17653204410596,15.185033,-4.9616117
20340,15.119436973217868,-3.020488012492623,-20.52003993158144,-1.5674563948027467,1.7717721,1.297282
20342,-9.250605559549106,6.050151499851262,5.577718190918353,5.199123279383328,16.232273,-4.7152843
20343,15.725613922149886,-1.9388437372032583,-22.102103594629995,-4.851759041116158,-0.25866973,1.6671445
20344,-9.806365633353167,5.065760093478432,6.976369580087366,3.986804561278746,15.132046,-6.354468
20346,-17.99095251508851,-14.077847648181104,17.932663197680334,28.836392222048747,12.268526,-3.858618
20351,-12.629716642366262,1.135378166701553,18.957887971336184,11.587607865911599,13.291179,-5.0114174
20352,-10.952156675845089,4.992384767750485,12.865607657020401,3.6242959977566733,13.347695,-6.214241
20355,-10.029267635962325,5.33329683512671,14.33510019735116,-4.146054394880976,15.371299,-4.374572
20356,-10.502929979708458,4.822120666902057,14.41954606398278,1.983982932059455,14.841648,-6.112581
20357,-11.013904307153334,4.155578032882582,12.29639457127793,6.146601382738891,13.489837,-6.400118
20501,7.500192746779434,-4.390390536824742,1.8217413884633828,-23.700121734161403,0.65742785,2.4689994
20504,14.049838185562496,-3.5411806698698634,-8.686427137959367,-19.088323999717534,2.076765,0.7135559
20505,-22.469356141550477,-37.56257677491984,3.3395571455701094,44.87203763557545,10.128187,-0.20025733
20508,13.13220427442969,-2.048908442143827,-14.304533195914406,2.075762155217189,1.7419704,1.8829777
20517,14.012858657374968,-3.9570927840250336,-22.6553137513556,4.156458479298251,0.8960997,0.99010307
20518,-8.664266082034741,4.116123937159966,4.366409521484597,6.221367936377118,15.1980295,-6.5493
20519,15.194712229318872,-1.443888793379581,-17.512783285875212,-2.105997682436579,1.6394068,1.2803404
20521,-9.701769808492584,7.122491182096999,12.02351733142073,-2.3524371633799275,15.490408,-3.8302925
20522,-10.378838216515206,4.530750291548108,8.201919042271525,5.6192622684869225,14.536606,-6.237231
20526,-13.017991662182894,-4.963041266931448,10.83337400991762,22.183238653918878,12.376992,-3.9574766
20527,-10.582801203584658,4.411115288048467,20.168569468806638,-5.846982681848954,13.234851,-5.985668
20528,-11.24263924182042,4.027027533323567,19.055343792831366,5.953067307599918,15.252844,-3.8820448
20529,15.874400313641827,-0.24245195264373323,-17.4547554237656,-7.618043416016062,0.4210529,0.934725
20530,-10.809426678442412,4.738293671749737,11.731505501835512,4.564154430310131,14.413356,-6.4491267
20531,-9.96650608859622,6.488631648346321,11.25224492634372,-1.1313151959323196,15.669244,-4.1278296
20532,-10.998217108655497,3.6808461330637563,18.046474115483658,2.839530867641435,13.911263,-5.5775614
20533,10.206856736581988,-0.6493304718485918,-4.903028078737945,-12.437349160314563,0.16719925,2.7474046
20535,-10.37576932955318,5.196189609434586,9.719149516592742,2.230682449775306,14.413182,-6.090876
20536,-8.799648214653889,5.469088908470484,11.894522960878437,-7.488302465748355,15.798318,-6.3329716
20537,15.220558925209835,-2.4739260800254472,-13.932148690836598,-18.113345249115902,0.1704594,0.7221684
20538,17.125037618213277,-0.23749800822753567,-16.385388529188944,-9.7724583452868,0.011844105,1.2706435
20542,15.749279976083871,-1.0704205383609813,-13.463952891738689,-15.82869468593382,0.37706462,1.016516
20702,15.347712332829817,-2.1053989859796864,-11.84494655073804,-14.04753590556503,1.4613608,1.0136793
20703,-10.476669025501412,5.139720134145558,9.648277931278008,3.641580838844487,14.706411,-5.9284716
20704,-10.624200374165593,4.471485434676616,10.197489977439785,5.096792307302608,13.207088,-6.266278
20705,14.202963698101073,-2.367010408925718,-16.545713182414087,1.0584128402438122,1.6539887,1.43359
20706,15.710498997108322,-0.9332738818617321,-13.421482645017436,-7.500626286015095,1.372347,1.3819351
20708,15.752311268369953,-0.7854072258009824,-12.244125978171919,-15.284151612590604,-0.18269579,1.1700385
20709,-10.330610016738598,3.6363667090836014,17.74465724431013,-4.510079209252209,14.750083,-6.3890953
20712,15.129039624653222,-1.7477266157527076,-19.581451405747853,-2.0822273618381124,1.8489506,0.8239363
20715,-9.99666213894276,4.915107458943455,5.495157159286394,10.424981302173757,13.90762,-5.107022
20720,14.865548124803722,-0.27603080669355984,-10.162238593663062,-12.01772119072987,-0.1494859,2.3330157
20723,15.459867613112406,-1.473455885506201,-12.304597780850495,-13.392847351549227,1.6767573,1.5276854
20724,16.966285708693633,0.1821847344831882,-15.123200637346036,-10.89739401692415,-0.2478418,1.0040547
20725,-10.048267794453334,6.535631256818524,11.135426119938613,-0.9410573301354339,15.53371,-4.297987
20726,4.227129343304241,-11.588231406020004,-18.206984905661184,20.648623815089714,11.994792,-3.649325
20727,11.354643412603972,-5.309310876705063,-2.9254190545220626,-24.74384901954498,1.4452313,1.7827904
20729,-10.696185217453811,4.523673658308882,10.150989190351074,7.194749582212458,14.31087,-6.373032
20731,13.548897115218754,-3.1502925840777216,-17.838060497662955,5.8980175130582815,1.0564406,1.9213727
20733,16.765214258417306,0.011859907270450996,-16.41596478219723,-13.37288214488346,-0.050223254,0.4318961
20738,-9.761230310508653,6.149722915050367,15.459244735275938,-6.471367090765645,15.395193,-3.671264
20748,16.507687504461643,0.2289163236958281,-14.612205720703486,-10.103305174928295,0.25482953,0.89551735
20749,15.622265295253053,-1.2358124945542943,-15.089909394939475,-4.095254525123047,1.8069341,1.8194156
20750,15.78282917341014,-1.263596272727598,-14.138231373152466,-11.444271107809621,1.6981201,0.97379416
20754,13.237596761896654,-5.116989308706901,-21.244738154649127,7.075253490735421,1.8372602,0.77583313
20755,-10.290269796349826,5.951045247257342,10.943892305800398,0.688404306424169,14.86009,-4.7629375
20756,-10.137057636817422,5.252309401771111,13.231359625102325,-0.3965074387549748,14.321264,-5.0631557
20757,15.927835085004078,-1.238828771105298,-14.777229186680463,-14.099023627572617,0.5603224,0.6236691
20758,-11.015745164232055,3.2959850066653766,15.08115748561176,5.967950711465454,14.2497425,-6.1075687
20759,-12.86933009620062,-10.321451385142371,0.37542247662273004,25.698244732027987,13.922849,-3.763767
20762,10.816271212998368,-5.794380562167981,-18.695343824130276,12.294632151235556,1.2729305,1.7782333
20903,-10.092546029406382,5.570012013906158,15.597272992034211,-1.2230074871589127,13.083882,-6.349167
20904,12.001307276293646,-4.41267138913552,-19.32043594976575,10.305143161038313,1.0774254,1.9889672
20906,-9.36748318319554,6.090475933366857,10.613520100175903,-2.9809699783974763,15.756808,-4.113016
20907,14.962304346060826,-1.2675385287881251,-13.769875141608725,-4.093667530860495,1.8221922,1.765936
20909,-10.441009751706948,-0.20442780884640177,3.2517852734322488,15.358608658479952,13.952693,-3.7681677
20910,-10.931491759204544,-0.1845237418077027,4.512714125152117,16.732912463568706,14.145639,-5.5338125
20915,-10.40760450249785,4.395426809447814,8.364328369987017,12.7437198870818,14.32029,-4.2856817
20916,-10.544981947002608,5.0688661086620685,10.237092943734796,2.8330554289884593,14.353752,-5.891768
20920,15.960461858509525,-2.0053335135337647,-18.26273577484878,-5.23551304763417,1.810445,0.9981599
20924,-8.338280119059865,6.420860927403905,9.429277227071008,-4.504653297983174,15.996446,-4.4539165
20925,-10.386355307718237,4.267127285911426,7.689401995364418,8.111227457359115,14.918194,-6.205137
20926,-10.509671045885742,5.367232841658158,9.845349696678793,2.9036209482652318,14.808732,-6.3585615
20927,14.98561851943772,-3.735083998594582,-22.41002486241523,-0.3456886187732365,1.8292648,1.2727697
20929,-6.5765463115252585,6.340293811017725,8.304145844583589,-6.7926370660743265,16.59568,-4.8383894
20932,16.397430143276882,-0.08290502080480915,-14.259243557039822,-8.10486242193648,1.2263685,1.048481
20934,15.626112593633767,-2.4467283404476508,-20.127152096583277,-2.5122704293244724,1.9643193,1.1089313
20941,15.937134824707373,-0.3952232116273641,-18.809792122711645,-10.802424169275076,-0.26614076,0.8983055
20946,-9.312322168768862,6.751533125926011,10.260991216579846,-2.7121743237590734,16.177067,-4.574238
20947,-10.3364725016836,5.706311382342317,10.663514901200621,1.1028630192434403,14.753779,-5.378973
20948,-10.790417915309071,4.240435622470968,10.926071536507854,6.698499371044551,14.222266,-5.6659455
20949,-20.276988548095986,-26.113933335981738,11.808875542292318,37.70071793321806,10.180194,-0.31039286
20952,16.18176189279603,0.5650559302925926,-12.692966092891218,-10.524673913438075,-0.2051547,1.8065357
20954,15.794280810382983,-1.8524031635520202,-18.389642785949782,-3.2747096643740314,1.8354331,1.436178
20955,15.952485261680641,-1.3692812058497768,-18.48430648219348,-4.841201856762532,1.6417885,0.9195686
20958,14.713196493616543,-2.2839609450263656,-10.11838275360983,-14.302489267473499,1.6315303,1.325386
20959,14.155014941213649,-3.505978154714755,-9.505318360725845,-19.302323517181257,1.6636759,1.0468478
20962,-10.112619038687868,6.3400093205310295,12.711260687841007,-1.6555465997665977,15.35343,-3.9355037
20963,-10.681359000747086,4.507905482435348,15.650591001631728,1.480611017964896,13.868326,-6.205528
21101,-8.6768123918379,5.994067757845123,10.752677621031241,-5.913144246458572,16.360956,-4.726303
21102,14.715756258010106,-2.1052134311368995,-10.5319538915092,-17.72700439788834,-0.30174774,2.1004705
21103,-9.94367926389818,5.068094834640268,17.605468966962107,-8.491733633275295,14.921716,-3.9770484
21105,-10.28231700701844,5.021647123074756,9.039257140797297,4.326483124437966,13.054633,-6.251204
21106,-10.796601683028584,4.787292264440011,13.778993866312344,4.832299721565094,14.55163,-6.130196
21108,-10.10278337137732,5.734355825350402,9.569091091816219,1.7810268432594347,14.868004,-6.0857253
21109,-9.08405163694787,5.593264416090727,4.184509015985931,9.454625680257536,16.454641,-4.358726
21110,14.076303391251558,-2.525823281743305,-9.462604007143531,-21.790604444976992,-0.16441923,0.62388855
21111,-9.819448000772784,5.805757314098971,12.008431063046254,-3.4491685056240997,15.744276,-4.2414923
21116,-11.643267915831805,1.2189679634260904,13.947740917799198,12.436987956316278,13.720844,-5.563827
21117,-11.294907144976778,-0.4720766534316406,5.866552917318542,16.855605233691787,13.907197,-3.7541378
21118,12.666839729101401,-5.8083687311568495,-6.12868711158564,-24.182487253292237,1.4758816,1.0009346
21122,-10.293040462728111,5.849151746399685,13.617437259845719,-2.460532778553777,15.414498,-3.8112335
21123,-10.307552894898922,4.993860636767988,11.86923592642345,3.0195700540156154,14.047358,-6.2640853
21124,11.256622672545854,-4.272605816832288,-17.83807159150537,11.172944071635378,0.57763046,1.9812205
21125,-11.638600614613887,-0.15880996634893685,24.237125556856455,-3.6348414552749344,13.114716,-5.925202
21128,-8.99796672330044,6.486164602406311,11.580449952597979,-5.577534907303388,16.55747,-4.3543134
21129,-10.909586436172807,4.570927141557567,11.311613462825893,8.164506210170961,13.558916,-4.8065543
21131,-10.684007573462555,5.294933801993901,16.80468462402019,-2.5768938001245134,15.385997,-4.1692486
21132,-9.899212595567391,5.767770694235438,9.331340323935882,0.1415344393346108,15.546336,-6.136699
21135,-10.11877539802523,6.140467938729457,13.206218523124962,-2.9095965257731424,15.597931,-4.0107565
21136,-22.486860482379218,-37.575794438658384,3.3890375858098745,44.885131796065735,10.072147,-0.19446672
21137,12.952334077754289,-3.9544548760625364,-5.284804054024925,-23.37243493822241,0.40984285,1.5089175
21139,-10.157414902952198,4.518701898273651,6.407194764827605,9.214815421485927,13.363051,-6.2687154
21140,14.49099211635038,-1.330631652771091,-8.452319153252118,-17.72784027188363,0.67829037,1.9770886
21142,-10.874006198397671,4.618557728303794,16.89191591393244,0.17977151193043128,15.044181,-5.1869483
21143,-3.574701948562116,9.98548958703998,-2.8750319947040843,14.462632385535267,15.155238,-3.3841777
21148,-10.41798711029172,3.3483518612249945,18.55384710275679,-3.472017531375565,14.213792,-5.7312994
21149,-10.849098502283573,5.232182305853034,13.886528597309308,3.0792442175058636,14.606208,-6.1127205
21150,-11.569198464090443,2.185272722259031,20.11967924087525,4.2418543482064655,14.792647,-5.937656
21162,-9.756390395634735,6.6682399157889725,11.731027893648983,-2.8781078629794643,16.07798,-4.452679
21163,-9.829010286148879,3.877657602227106,15.839511403521582,-8.752206375980345,16.317522,-4.7137294
21164,-11.22635453217148,2.8384891356582367,11.709994055210451,14.009519412837287,14.590921,-5.0172377
21165,-10.393672134146376,5.976602581547944,11.67973559361906,0.5762521282220445,14.781546,-4.9979687
21167,-10.039842162288778,4.998629949936528,7.407922541333713,4.54853724567494,15.072659,-6.793176
21168,-13.085077767440668,-3.6139015451282472,13.162094096746072,21.916772209419516,12.41859,-3.9956923
21170,-11.080776050102777,3.1856219918746174,19.20424746322534,-0.5938797787944973,15.00302,-6.764406
21171,-9.993548143179563,0.9358740690002307,17.56233143963545,-10.141392870708692,15.087683,-6.654479
21172,16.368935914483384,-1.218021329760277,-16.55529065357154,-6.984292000017933,1.7204573,0.8435212
21174,-11.0606179131407,3.761473175335607,11.620565324500955,11.184443397496286,13.401489,-6.0577893
21175,-11.489576615130101,2.7812750742003503,13.21544473456221,10.483701755507397,13.349428,-5.038374
21176,-22.558246494767484,-37.34569647918911,3.9888072206021232,44.776082323574045,10.062522,-0.18605445
21177,-11.562740917935098,1.6626529731779998,20.098412939285417,8.592917164485039,13.297532,-4.682871
21178,-9.907169787774354,5.686983905866189,9.103631630305555,1.6615747727148311,15.075525,-6.4325337
21179,-11.138768367747849,4.344412740259452,14.275206200141534,6.237912137369648,13.709719,-6.0001435
21180,-14.45192211776831,-3.728305665383511,17.915466638976596,18.38183694774037,12.708904,-4.2851386
21182,-10.243578543460547,5.679377251504754,13.99914215484911,-2.347036831022646,15.618165,-4.39084
21184,-15.158600957239818,-5.29223765835291,17.462296078238342,20.76906449564024,12.4522295,-4.0327263
21187,-9.156199063439473,5.891521707563931,10.233474625246261,-3.7060225578128834,16.167454,-4.2835884
21188,-8.739298096328675,6.366110336389235,9.01307743221294,-2.8763538058956515,16.228458,-4.6035814
21189,-10.39247035324362,4.854411826073442,15.983716121823447,-2.6695858952567124,13.778512,-6.517497
21191,-9.718299282413783,4.9040171588148915,5.864231318164931,7.841174769603704,13.668179,-6.083878
21192,-10.28577408776006,4.941495030037618,13.737302068043148,2.312934785350892,14.95185,-6.5005136
21193,-10.843456408387521,4.835839331420997,19.73714320095717,-4.92951729386229,13.67932,-5.6781793
21196,-10.229363128178711,5.010647103867114,7.283831664339637,6.1961648529926485,15.3543415,-6.38931
21198,16.60497796673847,-0.7448427016453628,-15.451834881111903,-7.543913200865622,1.4669747,1.006364
21300,8.475253028244007,-1.5334215012284058,-13.215263632987195,10.092033962682295,0.37728617,2.418334
21302,-10.8866318560601,4.5819188189845725,12.37410562976219,5.370172339775742,14.288451,-6.4602094
21303,14.866378396289893,-2.5687007295881434,-12.486925783349932,-18.60363220765796,2.0420303,1.0029814
21304,15.10490612815442,0.5842363831516373,-11.037309721530447,-9.168005960349433,0.038195647,2.4293046
21305,-9.596662213729584,5.531479997055553,8.142240901211618,1.4953565611122712,15.511371,-6.6271534
21306,15.539616580731845,-0.37805684268393647,-11.430785218173542,-17.37435351855133,0.10747937,1.7766544
21307,-9.028101551146417,6.859991903138008,11.113934803757402,-4.691041185814571,16.368965,-4.449153
21308,15.43662218779863,-0.1753410554297435,-12.081812656262748,-9.49829076550796,-0.0826774,2.0095513
21309,14.163750517763697,-1.8987477952430865,-18.962390514431863,4.330651212925026,0.39225522,1.6977701
21311,15.440146952489037,0.43555652103894,-11.49366870839367,-9.536182193230948,-0.09461073,2.3092864
21312,16.104088059904363,-1.2024568486155547,-18.49356477875408,-5.437489479539159,1.8702528,0.7822857
21313,15.75576623762863,-1.737720396502546,-14.782971236271916,-17.169701276892177,0.8032129,1.7004673
21314,15.832262096805762,-0.784695735675765,-17.921965589291162,-11.599376404325247,-0.023997143,1.4553542
21315,13.33356453508988,0.35966589486141737,-12.665408858029403,-1.3197698396125905,-0.078550935,2.2894576
21316,16.38483454686936,0.31793187429485303,-13.272328158110513,-9.03203666458807,0.19044012,1.8625398
21317,-10.344822631014429,4.764611708146772,8.080206903233487,9.743838502310295,14.324638,-5.0794363
21318,-12.230174533986839,0.3336936263126666,23.123431021065127,6.156689764704776,13.5686035,-4.5567155
21321,14.140162194943025,-3.275466669050297,-19.911332946795014,3.5769109962380408,1.5838584,1.4364468
21323,-10.531334996043926,4.493409043456892,16.115709169317693,-0.26929312389089677,14.711459,-5.310513
21324,14.216630878729552,-2.663605101714445,-18.07027531168551,2.7770606059092335,1.6332399,0.6709931
21326,12.98397693688104,-1.242344835732803,-12.169912428069187,-2.0018388012552975,1.6590116,2.1300666
21328,-9.078800202573627,4.004687062680627,12.859872618682429,-8.681445815622483,15.459735,-5.5892367
21329,15.216945764372253,-1.1246829806736958,-13.011357806139136,-5.6649560124388305,1.7155733,2.0635655
21330,-10.558424062521146,5.346665747239462,10.497664301039343,2.310004038553943,14.5998125,-6.078588
21331,-10.02035637185157,5.177366517975032,8.221136415920329,2.7928470143806505,14.989047,-6.572926
21332,-11.857436443824058,2.7080006813225608,14.624675605914398,10.466144793883522,13.8485775,-5.88301
21333,-10.731099350102138,5.306031767206154,13.599318794760153,1.2010681866392783,14.561637,-5.623352
21334,14.870817510896249,-0.9785558696337783,-15.05959435330775,-2.0496545163614694,0.123281114,1.8720825
21335,13.432648374896573,-3.5235607434919247,-19.582503938762382,6.223401976945762,2.1343956,1.5187542
21337,-10.433577175546286,2.923358707256596,6.73667961557867,9.329490491181351,13.858399,-6.1627283
21340,14.1858120633197,-2.5598526521679292,-15.929827980225978,0.2376678981044655,1.83699,1.8899465
21341,13.178389252513549,-2.3415279254022483,-16.898025272595355,6.4718911310784595,1.1198055,1.9420644
21342,16.104948411527847,-1.7853012422198948,-17.445525341200266,-4.9662074303408,1.9288833,1.1665908
21343,15.589085521265675,-1.3817703924762497,-20.63053241206771,-5.180225933602742,-0.03871496,0.80257213
21344,14.78063622353355,-0.19339420201105517,-15.380722005727886,-1.2322340860273793,-0.02499698,2.2579184
21345,-9.717265491617892,3.9924512192479904,13.619021293068414,-5.7308886884487915,15.097857,-6.7429457
21346,-10.369393835180825,3.7438233198745645,5.340395703300346,12.329144318192878,15.201843,-4.3347545
21347,-11.330968775476524,4.781925941640953,17.900036965691,4.256701882852193,14.011683,-4.718062
21348,-10.770853440573449,4.396393844532327,16.240378329183912,2.615998506973356,13.477921,-6.240423
21349,-10.351376199631222,6.29884584973518,14.38578641715539,-1.3912369369959168,15.157818,-3.9904027
21350,-10.88985428013699,3.1955535070793557,17.022049320958644,5.7539973523772545,14.971304,-6.133888
21351,-10.651935839134687,5.433241511375852,12.483940273483388,2.406262943279984,14.027935,-5.1401386
21352,14.527183064121166,-2.6388431583970147,-19.69394331129634,1.6384445260111387,2.2021053,1.5408692
21353,-8.403308227156625,5.79515749741134,10.907914313496404,-6.904458441818948,15.780349,-5.903512
21354,-18.190528699133434,-17.226147508399077,13.735939303395538,31.66896795585882,12.307815,-3.878469
21355,-10.57153518623106,4.932487299663862,10.761096273831884,4.135112436385481,13.7667055,-6.3377676
21356,-10.017650047004386,6.656978459501599,15.442676000058723,-4.925265027046992,15.541702,-3.5362887
21357,-10.392238655051594,5.489083300784026,10.545710334563562,1.8085570440328451,13.602788,-6.3723807
21358,15.646216671411976,-0.9473991268066092,-13.777237286394486,-5.9903272811106625,2.0927346,1.3699951
21359,-10.868373141193336,4.474533947653572,14.509942499936393,5.833727014953748,14.515955,-5.901655
21360,-10.446327215687237,6.05321328326156,14.714722851114567,-1.6524235078534268,15.264795,-4.3996754
21361,14.763754668822086,-2.0925155187110756,-16.31307443598609,-0.8622463763631627,1.805655,1.5624303
21362,16.61945802553576,-1.170097627263332,-16.50725979231729,-6.565087818725289,1.9011297,0.9983856
21364,-10.71265316427775,5.146639422311023,11.7153918477145,4.027424895835379,13.404785,-5.7688828
21365,15.935980381612435,0.4690999477057589,-12.04403959507226,-11.017775004515116,-0.02026314,1.9509554
21366,13.568194237189466,-1.6077744205741131,-15.714674087280205,3.3486148644093374,1.3487779,1.9779481
21367,-10.926886185304948,4.896469611631314,12.85353278693693,4.441170747014202,14.403808,-6.2459207
21368,16.41136732424189,0.6474507985977723,-12.898271158336977,-9.686386200212558,-0.23854485,1.9344852
21369,16.12113044917664,-0.8920498149819868,-14.117242732383373,-6.593968201296081,1.9401187,1.5104908
21370,12.571091839078486,-4.675620684676631,-20.758365553796953,8.332887480157902,2.2536163,1.3680148
21371,16.46512991214873,-1.1716668318610313,-18.951441141358412,-8.204021785472902,1.2878013,0.53779304
21372,15.991870011810397,-0.7415828037378062,-14.811885004226278,-6.523276718613398,1.7600262,1.2165617
21373,-10.789196476500786,5.772808367948581,14.986057475644168,0.2789614069467324,13.9816885,-5.391583
21375,15.955316527989906,-0.4552593911078422,-13.86188306943541,-14.331764126159324,0.40851364,0.7198301
21376,-10.594510278663385,5.3288299105458306,11.020211132888376,2.334098456747605,14.106643,-6.10872
21500,-10.589274822169331,5.5493619302465325,14.482500120546245,-0.48755716400721494,14.551698,-4.766233
21501,-9.314863382355766,5.080416086256478,12.41959751405628,-6.19523613431472,16.010262,-4.335895
21502,16.320968255860265,-1.2595321227423435,-18.68690635164659,-7.759377522260238,1.0922095,0.8005676
21503,-9.93026721796383,6.0711556596699365,11.92139757859657,-1.52423610296543,15.319706,-4.897521
21504,16.945321842520894,-0.24695523375400216,-17.711693283598134,-9.825337617250932,0.31473798,0.4550483
21505,-9.295667302325732,6.465160347329688,11.816484469262564,-4.426280802998814,15.992687,-4.473853
21506,15.552275233856587,0.37206272452562644,-11.19933639410691,-11.23257832044914,-0.004827017,2.2363915
21507,13.24713337024086,-3.468794615693915,-5.574080767028058,-22.05879184901125,0.01657617,0.8506989
21508,15.78328627338598,-0.7413146434141209,-12.267052127529077,-11.562481210811624,0.9091147,1.5541725
21509,-11.028973306669936,3.5088887095556,10.977275102263942,9.780061100874198,13.345685,-4.672275
21510,-10.167560257577946,6.276440261223105,16.478456668699252,-6.016558743016075,15.537698,-3.680533
21512,-7.887939267496651,2.160566752759322,13.2480039520537,-12.93229236932287,15.602529,-4.1010656
21513,-10.274826114807286,5.4379641814108695,14.425271600534169,-3.433693194849338,14.891569,-4.0844707
21514,-10.35517903743017,6.402918487383647,15.106955719741517,-2.798560053322496,15.315585,-3.595168
21515,-11.120597498600256,1.9047221495333353,7.060555999106671,13.273051150483226,13.933139,-3.963618
21516,-10.931520286774555,5.160241867137429,11.838114648466469,3.5560810812492676,13.903049,-5.732841
21519,-8.953359093957072,7.21178773335085,9.527918599931802,-2.459586186318022,16.461445,-4.541018
21520,-9.683720999953234,3.509978697537038,4.189803292275273,11.12392114609348,14.921128,-4.3705683
21521,-9.877762520647098,4.920174655630621,8.4179408112037,2.1042201818142843,14.498573,-6.5791354
21522,-10.620426852780415,4.985033185011428,10.390412070802594,4.169020094646327,13.961579,-5.5983677
21523,-9.890200590026085,5.332669494905372,6.4888314029051015,6.2872308363013545,15.092156,-4.5061884
21524,-8.9981905163504,6.118471889405091,9.67557487011252,-3.3908890060903922,16.146091,-4.3865795
21525,15.32157826087234,-1.2328745170048492,-15.399630766468315,-3.0604832105452573,1.5448186,1.7182292
21526,-9.61064502907226,6.269395200634273,9.025547688004902,0.26165623735287397,15.639913,-6.0241714
21527,-10.206284781059674,5.506580017568519,7.661587009559793,7.423291328563814,15.080319,-4.434997
21528,-10.467693147741628,2.7942105735440177,19.476398763533396,0.7724458408840315,15.146568,-5.9515934
21529,16.425722616159167,-0.9277134610927555,-15.752240100457408,-6.7810309130942965,2.0571694,0.9435259
21530,16.462670655997773,-1.0447453664740112,-16.93772674998597,-8.214355065912455,1.0370202,1.3550143
21531,-9.649037860878767,5.816636619289307,7.485298873718213,2.0133111205958,14.422015,-5.454027
21532,-22.86211052094587,-36.42693371233114,5.869912534211176,44.30805931401579,10.251595,-0.151926
21536,15.696735098161172,-0.012303006271839747,-15.4085059015777,-6.040900072719644,-0.29151455,1.3561915
21537,-7.86760048600534,6.74143356324941,9.56621674809511,-5.9093761525723485,16.661875,-4.562733
21538,16.91937509320827,0.4200403187703213,-16.34260615382618,-13.032789129111721,-0.28262252,0.5489805
21539,-9.614212223680761,4.81213114674869,13.082697378768584,-5.446228125104687,14.861172,-4.99491
21540,14.685830356239883,-0.9932596425301633,-9.019057490518257,-15.877066180581918,-0.18510135,2.3835683
21541,-7.511432792354537,5.070817944614521,5.30338643031734,0.8491237238357076,16.130268,-5.8855305
21542,-7.410420896813881,4.346527199136756,2.4814213207587223,7.308549753149193,16.287086,-5.4706264
21543,-10.891573365285726,4.8589758361344995,13.48146202091864,5.149377649855261,13.649494,-5.9845476
21544,-10.243029557203762,6.542587496509632,13.2488135085641,-1.5225385828441984,15.367949,-4.1010904
21545,16.241662699016135,-1.0264020843984367,-15.348399909314894,-11.939511454072111,0.7222982,0.66574824
21546,-10.32488114737887,3.0365948604516046,6.425148733885573,10.19191228632362,13.623592,-5.2641926
21547,-7.313721399812302,3.793629003210904,11.144481699443965,-10.895452229084585,16.592493,-4.800551
21548,14.714871056893097,-1.6658602248799104,-20.416622274309994,0.8542881066856727,-0.5230817,1.5571418
21549,-10.660115877516573,5.076303281477259,14.41453282669518,8.059648517247032,13.871792,-4.663958
21550,-9.276239743549034,6.112757038760358,11.173023312154468,-4.207884624145113,15.728033,-4.906834
21551,-10.452417588088512,5.776965579185748,14.039253525649396,-0.26280962936945607,14.890379,-4.647996
21552,-10.839166315272793,4.8301468242214245,12.115693653061244,8.409564813859824,13.608721,-4.615549
21553,-10.382350173456429,5.1991293553896325,15.372132474133574,2.0776892675626177,13.205972,-6.135214
21554,14.525817723142268,-1.055115091855482,-19.053316359372158,1.6112717755909127,0.081906855,1.2721955
21555,-9.968826196636055,4.199960221019171,16.310456348638777,-4.600168468942871,15.147847,-6.2538123
21556,-10.86291513758309,4.253739938032604,17.75240215913846,1.0940496150232895,15.191745,-6.480894
21557,-10.285935582047964,4.433240711683646,7.796847847814622,6.6064549050346715,13.301786,-6.2143145
21558,-11.229017753997695,2.5225943406512292,10.215223759321237,15.298556207146932,13.607528,-4.4862747
21559,-10.797280130678702,5.048183997743389,17.561381400248784,-1.536395634748272,13.467084,-6.0510883
21560,-8.16704337019247,4.974566481280039,9.802979225517687,-6.585739972389623,15.739281,-6.3142514
21561,-10.621322485241329,5.622034946221718,11.73764780397932,2.0253083030576877,13.657946,-5.704262
21562,-9.858758212721753,6.345257628025877,11.434464217821631,-1.7348560156494321,15.444991,-4.1834025
21563,-10.576094501788114,5.493120971156702,11.343281904529794,1.868378693947145,14.130548,-5.5773363
21564,-10.435292504834132,5.674400917966147,15.175494548504666,0.8361742102239917,13.121209,-6.189832
21565,-10.17803189340616,5.87269367803194,12.135002418192679,-0.28694606949112944,15.116177,-3.9568067
21566,16.542570169201817,-0.5843566513901438,-15.97332460843785,-8.564722803187037,0.6219737,0.7930684
21700,-10.80107469901727,4.86183534064551,11.118426837332601,5.556576718854372,13.699953,-5.090107
21701,-9.952579452028104,5.152589330538588,8.62077093436818,2.260709628060679,14.629491,-6.5416355
21702,-10.660722922454498,5.048395133826789,11.200989876747581,3.2408736494645622,13.25373,-6.129984
21703,16.52780124860377,-0.41427101099816455,-15.25762531966971,-13.27316863113565,-0.05121097,1.0635139
21704,-9.790099405042943,5.987851322570966,10.707986968529482,-1.8517612075157022,15.68865,-4.3222075
21705,-8.870263380545238,8.05471950238368,15.342827087876287,-9.216299774309784,15.25706,-3.418569
21706,15.872538817123674,-1.058932322846892,-14.577237693952183,-5.8404686528505145,1.7679939,1.7045581
21707,14.720867590263998,-2.585700122195557,-18.35338370845877,0.33654142599750747,1.4255401,0.97882
21708,-10.59375553717809,5.413103455160257,12.835242392506307,1.8596100621102913,13.194661,-6.190863
21709,15.148823928141663,-0.7612911760742755,-15.867611702813775,-2.7316480274726094,-0.34002364,2.265539
21710,-10.87998075111404,4.354914590464003,12.746095851470807,7.734775581402211,14.128347,-5.7731338
21711,14.23113446774093,0.32870441843180265,-9.781465115317838,-10.169444973541188,-0.030886928,2.605069
21712,13.656082771824495,-1.7204638869469036,-7.124879880979164,-17.187928098527365,0.18204634,2.196842
21713,15.737767340051962,-1.2128111792046072,-15.457862498298379,-4.869586309078552,2.225868,1.104247
21714,-10.671377483713202,4.34861101462989,9.708794092899668,6.05139345658674,14.174849,-6.1581163
21715,16.994607875048292,0.17210961847328562,-16.02914905634407,-11.303042155570942,0.098264694,0.37953988
21716,-7.342375779764416,6.139309182259811,8.035462871749562,-4.962413436727222,16.426607,-4.991315
21717,-10.48892692048959,5.439061965861908,10.404384638120092,2.429586402024294,14.178157,-5.8479943
21718,-4.750720315360703,5.2893552974493145,7.369533409488188,-8.927247623453944,16.619902,-4.9819145
21719,-10.085966267654195,5.349758058417658,6.495050708943784,12.781178026438937,15.395583,-3.8825834
21720,-10.257825673045907,6.317748674016882,8.872749124320581,3.3113814124853214,15.48806,-4.0450277
21721,-10.717993898665465,1.0682593525658908,20.103284619768637,-11.39047679350432,13.86364,-3.7519302
21722,13.73651046361018,-0.9724184549574617,-8.265904619969627,-13.864321523687849,1.7732556,1.9455011
21723,11.540544485480437,0.058364524284775156,-5.973072859275705,-12.773856877484652,0.05302942,2.5344598
21724,-10.860699911399594,3.9000355225830217,10.10935311833752,7.577976612501935,14.882431,-5.6642895
21725,-9.77988614245732,3.9698989253876493,14.209267744621837,-5.112432465605537,14.278431,-6.6325364
21726,16.91778590277263,0.1479684868168547,-17.35174341307678,-12.275954794531739,-0.19408,0.62291175
21727,-10.684637969857112,5.009435485042629,12.829821687741875,3.2406062309398456,13.582545,-5.8781314
21728,17.179441541223788,0.07835089834896561,-16.444463996398007,-10.757135328126278,-0.01697984,0.53863674
21729,16.159488664374642,-0.5415271046496831,-13.520558175675921,-13.742753385654273,-0.38768855,1.4925281
21730,16.294623915885403,-0.7902487599127888,-14.11449556187609,-7.097451221567364,1.5386422,1.6491537
21731,-10.591753805195237,4.520406739676927,11.10567310939842,6.255035428223853,13.509776,-5.464181
21732,13.247571355091289,-2.8884124903834723,-6.339375789654236,-19.497516036142144,0.77440697,2.34487
21733,-10.243018799755317,5.013937055965073,8.457060230604158,6.518111457859378,13.75057,-4.994759
21734,-10.241997132031303,5.8057623522036375,10.752792109052075,0.46022797445399943,14.88826,-4.833984
21735,-8.369548950578357,5.6897566330021645,8.980871993739042,-4.463444230859125,16.260216,-4.3110538
21736,15.097771498701222,-1.6047560998868315,-18.235811675458017,-1.5190126021016332,2.003085,1.6101859
21737,-10.071668854763624,5.795661658971937,10.038158712072248,0.22436679366601883,15.056674,-5.6452503
21738,12.233738708080104,-1.5867720030474148,-7.410622401982473,-11.712502847434298,1.6771345,2.3079185
21739,12.706851795647692,0.22857539684164857,-7.813061923507635,-11.207227126690148,-0.037755713,2.564279
21740,15.928691770432494,-0.024009567518890412,-12.800875964033857,-8.355456313777871,0.2936946,2.1280503
21741,17.221034042330643,0.18356771542325387,-16.259001727207746,-10.192545913398359,0.14760561,0.75681
21742,-11.146383903922109,0.813142164187753,6.055980677913883,14.684606084271104,13.862366,-4.1859145
21743,13.02113796389242,-1.268196945480766,-5.722522120261212,-17.757735755251495,0.5671042,2.2176058
21744,-9.344833701062948,2.5693160019795127,3.022625087315858,11.571997441830758,15.125226,-5.5864453
21745,-10.074892728418341,5.647868669127174,9.856428470535652,0.6662561276720427,15.062508,-6.250488
21746,16.494116754193847,0.24343860523448974,-13.460218654005764,-9.807106979698782,-0.20428574,1.7077934
21747,13.037216185751571,-1.480957709465965,-13.773181603639236,1.1689115586808931,0.24599777,2.587438
21748,-10.632161881392811,3.9822414398725674,9.197510747067998,10.332882091741693,14.095726,-5.314828
21749,-9.068558325032814,6.198282846241635,8.9223964999836,-1.8736800218516485,16.27986,-4.821357
29106,16.041265289518208,-1.9981379596282312,-20.114343730356197,-6.789361753982461,1.9374224,0.69063634
29109,14.62983675561901,-3.610012484416353,-21.533321874857485,1.0499979358733296,1.2505693,2.2411482
29127,7.392073202885128,1.4801328205549942,0.32458242603695786,-17.567749225456488,-0.042363983,2.6933825
29134,17.117056884390998,0.19129183657439291,-15.849899016663135,-9.65634071864238,0.10905361,0.6080597
29143,-12.568607973678077,-0.11635867549193858,16.382777886567045,13.795840136268739,14.14032,-6.0401955
29312,15.075306357887378,-2.4603766486158274,-12.408327196835957,-17.16569972405307,1.5267625,1.7405295
29316,-21.950276094890217,-37.02069777200124,4.266111003446762,44.47282577881651,10.114624,-0.23181039
29317,16.240052179453002,-0.20595615820253024,-17.619545412723046,-10.366745585720068,0.3522792,1.1479532
29321,-10.259311652693777,4.403765253508572,12.309113152642258,1.4882384998422695,13.5328245,-5.729145
29323,-9.887324232292908,5.219713815185516,7.9052689423953275,3.1489498677673025,15.215227,-6.350075
29337,14.896310756197419,-0.6632442264949339,-9.99126574424793,-18.404114655054965,0.44202206,1.4356583
29339,13.463635092785921,-1.294557792008308,-14.732360784287316,1.3630047251733237,-0.107339926,2.196395
29346,9.297815789681703,-7.827460917477258,-21.07413505885014,15.445436723037979,1.2251855,0.47167483
29348,11.346090260846834,-5.6762490928413705,-21.551652909701446,12.088233263272,0.21813716,0.4248112
29368,14.418970270184156,-2.015834168709428,-21.035025788622594,4.349746276883146,-0.36606416,1.4342268
29375,-8.379543696171366,4.207597553314249,11.21600728384376,-8.491906406486393,15.6989565,-6.2232265
29377,16.32194392094781,-1.4860771559323704,-18.556328228396314,-6.531894822721416,1.5218253,0.80467474
29378,16.418883557211885,-0.010887906527152467,-15.42483656124533,-14.042547113075459,0.12400368,0.51657104
29379,15.829035088310974,-1.4545347550021863,-20.00891496157618,-6.18843720748581,0.923526,1.3135133
29393,-9.986483704348274,5.667129472253139,9.173850559273331,1.4818558934681507,15.300647,-6.449894
29504,15.966048432962076,-0.6067514410517872,-14.259834517355678,-15.519848101321568,-0.010907866,1.095907
29539,-6.009915551336078,5.682336341233683,8.401416095364992,-8.33286618223141,16.600166,-4.9469748
29541,-9.546227233854431,5.397722250790771,6.588326872615368,4.5300503350038905,15.215389,-6.294476
29546,-3.7367537664645454,-2.5646873558118877,-6.948492489744682,19.7022785243662,13.439884,-4.7674055
29550,-10.736534939164713,5.1922929501992074,11.195624646616727,2.789092747881508,13.534753,-6.072553
29561,16.53313727712788,-0.3280564572652853,-14.696067095296325,-12.076283425149683,-0.33747306,0.9502162
29565,-8.593374862544936,5.244645493451326,15.988219623020399,-11.94190321695743,13.008048,-6.3351936
29571,16.40170622630633,-1.3170335635173993,-17.803284090512943,-6.205207038597706,2.1952028,0.8488755
29572,-10.388698334422838,5.0711849958785145,9.068819102212856,4.070346114223448,14.986558,-6.164022
29573,15.827997410783622,-0.5383752700110513,-12.841820599682656,-15.37925232436837,-0.2894685,1.060855
29587,3.7151132895888646,-13.189035842943676,7.160668325577945,-30.26909798964505,1.8201257,0.36352605
29588,15.106271872589957,-1.6295234954150333,-20.663091027755495,-0.6119356051436858,1.7641115,1.0536995
29701,-10.66803639467918,4.230919210013803,9.63423574176625,8.572661214435657,14.807304,-6.634625
29707,15.615601733749058,-1.3562504299562723,-14.798955122638306,-4.895722840810316,1.9545362,1.683372
29710,14.033350885919035,-3.0347176999259724,-20.79817917611188,3.2303397145028883,2.0491552,0.6322986
29717,12.172267572854858,-4.8549552238182585,-20.061706135070178,9.578791756251364,1.8441371,0.5363671
29718,-9.757038097042054,5.651265193545466,8.421756799555821,1.1473900168757167,15.679778,-6.501813
29729,16.863471383130346,0.04210357578232271,-16.96923744202046,-11.682227584624451,-0.1852839,0.5907145
29741,15.641314432974482,-1.4610086452483613,-17.30717515949504,-3.394183837723052,2.0648541,1.4613199
29759,-10.675515436980826,5.172888700309498,10.756477989975528,3.370010996246462,14.336085,-5.974611
29760,-10.710995529788027,3.5760521514611607,15.742723989828296,4.693545641696583,14.501487,-6.3387833
29762,-10.6322564739513,3.117704436556736,7.283672166937188,11.015086248437537,14.927558,-6.2695236
29768,15.49338799281004,-1.3293977581079268,-11.742997323882935,-13.395356686990375,1.6257362,1.1910325
29769,13.201863085122778,-1.3496558150535378,-5.762363596137855,-18.44093058568255,0.4529007,2.1091173
29776,14.29835240810671,-2.590440620530733,-17.968008110849457,1.968154727071128,2.0709636,1.2320405
29777,16.02474668685409,-1.3371561597157489,-15.892015024680283,-15.462512443655257,0.017226316,0.89201176
29778,17.012431957231314,0.29333641234116803,-17.09374765659973,-12.780973121857249,-0.32984176,0.5815371
29901,16.296301747505275,-0.011944156220444136,-13.756960671380943,-13.183619008747465,-0.3677756,1.5622433
29903,10.011100545763805,-7.249737146878733,-1.2109041402403238,-26.656201168290597,1.8023614,0.2769683
29908,14.899982421004077,-2.068511852823244,-19.55454516969846,-0.7271635817104188,1.3593136,1.4176201
29910,-10.184863610937677,4.452421414630166,17.012524838678544,-1.1726865499334467,15.427974,-6.52276
29911,17.370588817380053,0.4623154839477393,-16.845400219784892,-11.66983365483216,-0.073160954,0.48687017
29919,15.809202350760978,-0.7127904150384599,-20.708201260476116,-9.67231509320783,0.26672816,1.4111136
29925,14.087714133668323,-2.1640725630891424,-8.274554845007048,-20.866188900072917,0.30666173,1.4322478
29932,-9.21426597426025,5.757520730153054,7.92221668359377,0.2051914124025325,15.868339,-6.20605
31101,16.23102373169642,-0.519266867606731,-13.86606591333324,-7.2493033870448125,1.3747672,1.4759259
31102,-6.1343928121987465,8.545028732563273,14.270398361725517,-14.595185368816354,15.028357,-3.3648076
31103,13.566944831782628,-2.3457168702731575,-6.742950395305378,-21.427527616874986,0.42982018,0.8697111
39301,14.51826841471597,-3.1093251338290253,-11.295643950222463,-20.29928605337278,1.0182667,2.1499655
39304,13.680843910431093,-0.05141378323913151,-15.38986789152652,2.76773183978566,-0.3085013,2.2550833
39305,12.9950793440745,-2.578937107627231,-17.9086550676715,7.2183185065711735,0.67440265,1.2719054
39307,16.3566530424092,-0.3569932249856118,-15.509235362301792,-7.219578133354093,2.324771,1.2388147
39308,-10.593414864207952,4.783191841135231,10.154713432901247,5.4722236377487805,13.50549,-5.6344323
20944,12.755620376604691,0.07767534394941422,-14.442717712898713,4.132446848140951,-0.2382815,2.0883286
29939,-21.69496090039184,-37.123343256560574,2.514689146469737,44.37766715381761,10.096628,-0.247111
99912,-20.64759592279851,-36.63656413758034,-2.5672656646270005,43.6436081189493,10.097249,-0.27686098
21750,-11.607665123527106,-4.084735401300363,2.355982796481295,20.76209877257396,14.544457,-7.578745
21751,-12.505447025347761,-6.50070552888219,26.45466418202527,-10.208838422840977,14.57761,-7.5934625
21752,-13.082537938282277,-6.421152391779883,3.6911635957969606,23.817781680450214,14.621068,-7.641685
21753,-13.292994753852874,-7.143603401338278,3.6224188696658155,24.742027655904636,14.562859,-7.605708
21754,4.4536222124973674,-10.598051998172826,5.817291688250399,-29.888621328258267,14.547857,-7.669463
21755,-14.673541248542513,-20.697674390669373,-4.42416503947498,33.22569124344497,9.811732,0.077543184
21756,-12.890648257253588,-28.158202728192087,-11.347228474641788,37.20081590966928,9.839025,0.047122106
21757,-18.431473854046,-28.27429759658456,-4.864245105890419,38.74318499874722,9.799446,0.093253136
21758,-20.261851798613822,-33.5311297970925,-3.8069370095380197,41.992367551344174,9.895387,-0.0051306416
21759,-21.46658926375301,-35.74831533426362,0.21194320643151876,43.482656151337125,9.839163,-0.0147466585
21760,-21.723410938868785,-36.627244612317874,0.48276431908949813,44.07090922767759,9.880845,0.011308216
21761,-21.1927680758343,-36.64463947047701,-1.231920387307081,44.127658396987634,9.822586,0.06986697
21762,-21.23189117377017,-36.665753487256396,-1.260815561569672,44.10646150720167,9.863663,0.078643955
21763,-21.38181637808571,-36.83399639030503,-0.47444884699446793,44.28532147403934,9.915639,-0.016391067
21764,-21.35303522464477,-36.70098532028245,-0.7955768839573278,44.195866378874136,9.874203,0.06293849
