Source,Target
17,33
17,47
17,64
17,70
17,71
17,80
17,84
17,95
17,132
17,133
17,141
17,173
17,178
17,182
17,193
17,194
17,197
17,206
17,210
17,212
17,217
17,244
17,245
17,249
17,257
17,259
17,264
17,279
17,280
17,645
17,646
17,650
17,651
17,653
17,657
17,676
17,678
17,679
17,725
17,801
17,951
17,1124
17,1249
17,1256
17,1280
17,1299
17,1378
17,1444
17,1455
17,1478
17,1747
17,1757
17,1767
17,1777
17,1822
17,1882
17,1916
17,2103
17,3042
17,3083
17,3085
17,3992
17,5905
17,7633
33,84
33,226
33,264
33,379
33,1280
33,1747
33,1767
33,1822
33,3042
34,56
34,64
34,70
34,80
34,82
34,132
34,163
34,173
34,178
34,182
34,193
34,194
34,206
34,210
34,212
34,217
34,238
34,245
34,279
34,645
34,646
34,649
34,657
34,665
34,676
34,677
34,725
34,1047
34,1124
34,1249
34,1299
34,1378
34,1431
34,1757
34,1769
34,1774
34,1777
34,1882
34,1916
34,2103
34,3081
34,3090
47,84
47,257
47,264
47,651
47,653
47,679
47,951
47,1280
47,1747
47,1822
47,3042
49,34
49,56
49,64
49,70
49,80
49,82
49,83
49,84
49,94
49,108
49,124
49,129
49,131
49,132
49,163
49,173
49,178
49,182
49,183
49,193
49,194
49,197
49,206
49,210
49,211
49,212
49,216
49,217
49,238
49,244
49,245
49,257
49,259
49,264
49,271
49,279
49,364
49,645
49,646
49,648
49,649
49,651
49,657
49,660
49,662
49,664
49,665
49,675
49,676
49,677
49,679
49,725
49,801
49,951
49,1047
49,1124
49,1172
49,1249
49,1280
49,1299
49,1378
49,1431
49,1461
49,1618
49,1747
49,1749
49,1755
49,1757
49,1769
49,1774
49,1777
49,1805
49,1822
49,1844
49,1882
49,1887
49,1916
49,2103
49,3042
49,3081
49,3083
49,3084
49,3085
49,3089
49,3090
49,3992
56,80
56,82
56,132
56,163
56,182
56,206
56,212
56,662
56,725
56,1124
56,1299
56,1757
56,1769
56,1774
56,1916
56,3090
64,56
64,80
64,82
64,83
64,84
64,132
64,163
64,182
64,193
64,194
64,206
64,212
64,217
64,238
64,245
64,257
64,264
64,279
64,645
64,646
64,649
64,651
64,653
64,657
64,661
64,662
64,665
64,675
64,725
64,951
64,1124
64,1249
64,1280
64,1299
64,1747
64,1749
64,1757
64,1769
64,1774
64,1822
64,1916
64,3042
64,3090
70,56
70,64
70,80
70,82
70,84
70,129
70,132
70,163
70,173
70,178
70,182
70,193
70,194
70,206
70,210
70,212
70,217
70,238
70,244
70,245
70,257
70,264
70,271
70,279
70,364
70,645
70,646
70,649
70,651
70,657
70,660
70,662
70,665
70,675
70,676
70,677
70,679
70,725
70,1124
70,1249
70,1280
70,1299
70,1378
70,1431
70,1461
70,1747
70,1749
70,1757
70,1767
70,1769
70,1774
70,1777
70,1822
70,1844
70,1882
70,1916
70,2103
70,3042
70,3081
70,3090
71,34
71,49
71,56
71,64
71,70
71,80
71,82
71,83
71,84
71,94
71,108
71,124
71,129
71,131
71,132
71,163
71,173
71,178
71,182
71,183
71,193
71,194
71,197
71,206
71,210
71,211
71,212
71,216
71,217
71,238
71,244
71,245
71,257
71,259
71,264
71,271
71,279
71,280
71,364
71,645
71,646
71,648
71,649
71,651
71,653
71,657
71,660
71,661
71,662
71,664
71,665
71,675
71,676
71,677
71,679
71,725
71,801
71,951
71,1047
71,1124
71,1172
71,1249
71,1280
71,1299
71,1378
71,1431
71,1461
71,1618
71,1747
71,1749
71,1755
71,1757
71,1767
71,1769
71,1774
71,1777
71,1805
71,1822
71,1844
71,1882
71,1887
71,1916
71,2103
71,3042
71,3081
71,3083
71,3084
71,3085
71,3089
71,3090
71,3992
80,82
80,84
80,132
80,182
80,206
80,212
80,264
80,653
80,675
80,725
80,1280
80,1299
80,1747
80,1749
80,1757
80,1767
80,1769
80,1774
80,1822
80,1916
80,3042
80,3090
82,182
82,212
82,1747
82,1749
82,1769
82,1774
82,1916
82,3042
83,80
83,82
83,182
83,212
83,725
83,1124
83,1916
84,82
84,182
84,212
84,226
84,653
84,725
84,1280
84,1299
84,1319
84,1478
84,1747
84,1757
84,1767
84,1774
84,1822
84,1916
84,3042
94,34
94,56
94,64
94,70
94,80
94,82
94,108
94,124
94,129
94,131
94,132
94,163
94,173
94,178
94,182
94,193
94,194
94,197
94,206
94,210
94,211
94,212
94,216
94,217
94,238
94,244
94,245
94,257
94,259
94,264
94,271
94,279
94,364
94,645
94,646
94,649
94,651
94,657
94,660
94,662
94,664
94,665
94,675
94,676
94,677
94,679
94,725
94,1047
94,1124
94,1172
94,1249
94,1280
94,1299
94,1378
94,1431
94,1618
94,1747
94,1749
94,1757
94,1769
94,1774
94,1777
94,1805
94,1822
94,1844
94,1882
94,1887
94,1916
94,2103
94,3042
94,3081
94,3083
94,3084
94,3089
94,3090
95,33
95,84
95,141
95,197
95,226
95,244
95,257
95,264
95,379
95,651
95,653
95,679
95,801
95,951
95,1256
95,1280
95,1444
95,1478
95,1744
95,1747
95,1767
95,1822
95,1883
95,3042
95,3085
95,3992
95,7633
108,34
108,56
108,64
108,70
108,80
108,82
108,131
108,132
108,163
108,173
108,178
108,182
108,193
108,194
108,197
108,206
108,210
108,212
108,217
108,238
108,245
108,264
108,279
108,364
108,645
108,646
108,649
108,651
108,657
108,660
108,662
108,665
108,675
108,676
108,677
108,679
108,725
108,1047
108,1124
108,1172
108,1249
108,1299
108,1378
108,1431
108,1749
108,1757
108,1769
108,1774
108,1777
108,1805
108,1844
108,1882
108,1916
108,2103
108,3042
108,3081
108,3083
108,3089
108,3090
117,17
117,33
117,64
117,80
117,84
117,95
117,141
117,173
117,178
117,182
117,197
117,206
117,210
117,212
117,217
117,244
117,249
117,257
117,259
117,264
117,279
117,280
117,645
117,650
117,651
117,653
117,657
117,679
117,951
117,1124
117,1280
117,1299
117,1311
117,1378
117,1440
117,1444
117,1455
117,1730
117,1747
117,1757
117,1777
117,1822
117,1882
117,1916
117,3042
117,3083
117,5905
124,34
124,56
124,64
124,70
124,80
124,82
124,84
124,108
124,129
124,131
124,132
124,163
124,173
124,178
124,182
124,193
124,194
124,197
124,206
124,210
124,211
124,212
124,216
124,217
124,238
124,244
124,245
124,264
124,279
124,364
124,645
124,646
124,649
124,651
124,657
124,660
124,662
124,664
124,665
124,675
124,676
124,677
124,679
124,725
124,1047
124,1124
124,1172
124,1249
124,1299
124,1378
124,1431
124,1461
124,1618
124,1749
124,1757
124,1769
124,1774
124,1777
124,1822
124,1844
124,1882
124,1887
124,1916
124,2103
124,3081
124,3083
124,3089
124,3090
126,49
126,56
126,64
126,70
126,71
126,80
126,82
126,94
126,108
126,124
126,131
126,132
126,149
126,163
126,173
126,178
126,182
126,183
126,193
126,194
126,206
126,210
126,211
126,212
126,216
126,217
126,245
126,259
126,264
126,271
126,279
126,350
126,364
126,645
126,646
126,647
126,649
126,651
126,657
126,660
126,662
126,664
126,665
126,676
126,677
126,679
126,725
126,951
126,1124
126,1249
126,1299
126,1378
126,1431
126,1461
126,1618
126,1749
126,1755
126,1757
126,1769
126,1774
126,1777
126,1822
126,1844
126,1882
126,1887
126,1916
126,2103
126,3081
126,3084
126,3089
126,3090
129,64
129,80
129,82
129,132
129,163
129,173
129,178
129,182
129,193
129,194
129,206
129,210
129,212
129,217
129,245
129,279
129,645
129,646
129,649
129,657
129,676
129,725
129,1124
129,1249
129,1299
129,1378
129,1431
129,1757
129,1774
129,1777
129,1882
129,1916
129,3090
131,34
131,56
131,64
131,70
131,80
131,82
131,129
131,132
131,163
131,173
131,178
131,182
131,193
131,194
131,197
131,206
131,210
131,212
131,217
131,245
131,264
131,279
131,364
131,645
131,646
131,649
131,651
131,657
131,660
131,662
131,665
131,676
131,677
131,725
131,951
131,1124
131,1249
131,1299
131,1378
131,1431
131,1461
131,1757
131,1769
131,1774
131,1777
131,1844
131,1882
131,1916
131,2103
131,3081
131,3083
131,3090
132,82
132,84
132,182
132,206
132,212
132,264
132,675
132,725
132,1280
132,1299
132,1747
132,1749
132,1757
132,1769
132,1774
132,1822
132,1916
132,3042
133,80
133,84
133,182
133,197
133,206
133,212
133,244
133,257
133,264
133,651
133,653
133,679
133,1124
133,1256
133,1280
133,1299
133,1478
133,1747
133,1757
133,1767
133,1822
133,1916
133,3042
141,84
141,264
141,651
141,1280
141,1822
141,3042
141,3085
149,49
149,56
149,64
149,70
149,71
149,80
149,82
149,94
149,124
149,129
149,132
149,163
149,173
149,178
149,182
149,183
149,193
149,194
149,206
149,210
149,211
149,212
149,216
149,217
149,245
149,259
149,264
149,279
149,364
149,645
149,646
149,649
149,657
149,660
149,662
149,665
149,676
149,677
149,725
149,1124
149,1249
149,1299
149,1378
149,1431
149,1461
149,1618
149,1755
149,1757
149,1769
149,1774
149,1777
149,1844
149,1882
149,1916
149,2103
149,3081
149,3084
149,3089
149,3090
163,80
163,82
163,132
163,182
163,206
163,212
163,264
163,675
163,725
163,1124
163,1299
163,1749
163,1757
163,1769
163,1774
163,1916
163,3090
164,49
164,56
164,64
164,70
164,71
164,80
164,82
164,84
164,94
164,108
164,124
164,126
164,131
164,132
164,149
164,163
164,173
164,178
164,182
164,183
164,193
164,194
164,206
164,210
164,211
164,212
164,216
164,217
164,238
164,245
164,259
164,264
164,279
164,350
164,364
164,645
164,646
164,647
164,649
164,651
164,657
164,660
164,662
164,664
164,665
164,675
164,676
164,677
164,725
164,1047
164,1124
164,1249
164,1280
164,1299
164,1378
164,1431
164,1618
164,1749
164,1755
164,1757
164,1769
164,1774
164,1777
164,1822
164,1844
164,1882
164,1887
164,1916
164,2103
164,3042
164,3081
164,3084
164,3089
164,3090
173,56
173,64
173,80
173,82
173,83
173,84
173,132
173,163
173,178
173,182
173,193
173,194
173,206
173,210
173,212
173,217
173,238
173,245
173,257
173,264
173,271
173,279
173,280
173,645
173,646
173,649
173,651
173,653
173,657
173,661
173,662
173,665
173,675
173,676
173,677
173,679
173,725
173,951
173,1124
173,1249
173,1280
173,1299
173,1378
173,1431
173,1747
173,1749
173,1757
173,1767
173,1769
173,1774
173,1777
173,1822
173,1844
173,1882
173,1916
173,3042
173,3081
173,3085
173,3090
173,3992
178,56
178,64
178,80
178,82
178,83
178,84
178,132
178,163
178,182
178,193
178,194
178,206
178,210
178,212
178,217
178,238
178,245
178,257
178,264
178,279
178,645
178,646
178,649
178,651
178,657
178,662
178,665
178,675
178,676
178,677
178,679
178,725
178,951
178,1124
178,1249
178,1280
178,1299
178,1378
178,1431
178,1747
178,1749
178,1757
178,1769
178,1774
178,1777
178,1822
178,1844
178,1882
178,1916
178,3042
178,3081
178,3090
182,212
182,1747
182,1749
182,1767
182,1774
182,1822
182,1916
182,3042
183,34
183,56
183,64
183,70
183,80
183,82
183,83
183,84
183,94
183,108
183,124
183,129
183,131
183,132
183,163
183,173
183,178
183,182
183,193
183,194
183,197
183,206
183,210
183,211
183,212
183,216
183,217
183,238
183,244
183,245
183,257
183,259
183,264
183,271
183,279
183,364
183,645
183,646
183,648
183,649
183,651
183,657
183,660
183,662
183,664
183,665
183,675
183,676
183,677
183,679
183,725
183,951
183,1047
183,1124
183,1172
183,1249
183,1280
183,1299
183,1378
183,1431
183,1461
183,1618
183,1747
183,1749
183,1757
183,1769
183,1774
183,1777
183,1805
183,1822
183,1844
183,1882
183,1887
183,1916
183,2103
183,3042
183,3081
183,3083
183,3084
183,3085
183,3089
183,3090
193,56
193,80
193,82
193,84
193,132
193,163
193,182
193,206
193,212
193,264
193,662
193,675
193,725
193,1124
193,1280
193,1299
193,1749
193,1757
193,1769
193,1774
193,1916
193,3042
193,3090
194,56
194,80
194,82
194,84
194,132
194,163
194,182
194,193
194,206
194,212
194,238
194,245
194,264
194,279
194,645
194,646
194,649
194,651
194,662
194,665
194,675
194,725
194,951
194,1124
194,1249
194,1280
194,1299
194,1749
194,1757
194,1769
194,1774
194,1916
194,3090
197,33
197,47
197,64
197,70
197,80
197,82
197,84
197,116
197,132
197,141
197,163
197,173
197,178
197,182
197,193
197,194
197,206
197,210
197,212
197,217
197,226
197,244
197,245
197,257
197,264
197,279
197,280
197,379
197,645
197,646
197,649
197,651
197,653
197,657
197,676
197,678
197,679
197,680
197,725
197,801
197,951
197,1124
197,1249
197,1280
197,1299
197,1311
197,1378
197,1444
197,1478
197,1744
197,1747
197,1757
197,1767
197,1774
197,1777
197,1804
197,1822
197,1882
197,1883
197,1916
197,2103
197,3042
197,3081
197,3085
197,3090
197,3992
197,5905
197,7633
198,33
198,84
198,95
198,197
198,244
198,257
198,264
198,379
198,651
198,679
198,951
198,1280
198,1444
198,1744
198,1747
198,1822
198,3042
198,3083
206,82
206,84
206,182
206,212
206,264
206,675
206,725
206,1280
206,1299
206,1747
206,1749
206,1757
206,1769
206,1774
206,1822
206,1916
206,3042
210,56
210,64
210,80
210,82
210,83
210,84
210,132
210,163
210,182
210,193
210,194
210,206
210,212
210,217
210,238
210,245
210,257
210,264
210,279
210,645
210,646
210,649
210,651
210,657
210,662
210,665
210,675
210,676
210,677
210,679
210,725
210,951
210,1124
210,1249
210,1280
210,1299
210,1378
210,1431
210,1747
210,1749
210,1757
210,1769
210,1774
210,1777
210,1822
210,1844
210,1882
210,1916
210,3042
210,3081
210,3090
211,34
211,56
211,64
211,70
211,80
211,82
211,84
211,108
211,129
211,131
211,132
211,163
211,173
211,178
211,182
211,193
211,194
211,197
211,206
211,210
211,212
211,217
211,238
211,244
211,245
211,257
211,264
211,271
211,279
211,364
211,645
211,646
211,649
211,651
211,657
211,660
211,662
211,665
211,675
211,676
211,677
211,679
211,725
211,951
211,1047
211,1124
211,1172
211,1249
211,1280
211,1299
211,1378
211,1431
211,1461
211,1747
211,1749
211,1757
211,1769
211,1774
211,1777
211,1805
211,1822
211,1844
211,1882
211,1887
211,1916
211,2103
211,3042
211,3081
211,3083
211,3089
211,3090
212,1747
212,1749
212,1774
212,1916
216,34
216,56
216,64
216,70
216,80
216,82
216,84
216,108
216,129
216,131
216,132
216,163
216,173
216,178
216,182
216,193
216,194
216,197
216,206
216,210
216,211
216,212
216,217
216,238
216,245
216,264
216,271
216,279
216,364
216,645
216,646
216,649
216,651
216,657
216,660
216,662
216,665
216,675
216,676
216,677
216,679
216,725
216,951
216,1047
216,1124
216,1172
216,1249
216,1299
216,1378
216,1431
216,1461
216,1747
216,1749
216,1757
216,1769
216,1774
216,1777
216,1805
216,1844
216,1882
216,1887
216,1916
216,2103
216,3042
216,3081
216,3083
216,3089
216,3090
217,56
217,80
217,82
217,84
217,132
217,163
217,182
217,193
217,194
217,206
217,212
217,238
217,245
217,264
217,279
217,645
217,646
217,649
217,651
217,662
217,665
217,675
217,725
217,951
217,1124
217,1249
217,1280
217,1299
217,1747
217,1749
217,1757
217,1767
217,1769
217,1774
217,1822
217,1916
217,3042
217,3085
217,3090
220,84
220,197
220,244
220,257
220,264
220,651
220,653
220,679
220,951
220,1256
220,1280
220,1747
220,1822
220,3042
220,3083
220,3085
226,1747
226,1822
235,651
238,80
238,82
238,163
238,182
238,193
238,206
238,212
238,245
238,279
238,649
238,725
238,1124
238,1249
238,1299
238,1757
238,1774
238,1916
238,3090
244,33
244,47
244,64
244,80
244,82
244,84
244,132
244,141
244,163
244,173
244,178
244,182
244,193
244,194
244,206
244,210
244,212
244,217
244,226
244,245
244,257
244,264
244,279
244,280
244,379
244,645
244,646
244,649
244,651
244,653
244,657
244,678
244,679
244,725
244,951
244,1124
244,1249
244,1280
244,1299
244,1319
244,1378
244,1478
244,1744
244,1747
244,1757
244,1767
244,1774
244,1777
244,1804
244,1822
244,1882
244,1883
244,1916
244,2103
244,3042
244,3085
244,3090
244,3992
244,5905
245,56
245,80
245,82
245,132
245,163
245,182
245,193
245,206
245,212
245,264
245,279
245,649
245,662
245,665
245,675
245,725
245,1124
245,1249
245,1299
245,1747
245,1749
245,1757
245,1769
245,1774
245,1822
245,1916
245,3090
249,33
249,47
249,64
249,80
249,82
249,84
249,95
249,132
249,133
249,141
249,173
249,178
249,182
249,197
249,206
249,210
249,212
249,217
249,226
249,244
249,245
249,257
249,264
249,279
249,280
249,379
249,645
249,646
249,649
249,651
249,653
249,654
249,657
249,678
249,679
249,725
249,801
249,951
249,1124
249,1249
249,1256
249,1280
249,1299
249,1378
249,1440
249,1444
249,1478
249,1744
249,1747
249,1757
249,1767
249,1774
249,1777
249,1822
249,1882
249,1883
249,1916
249,3042
249,3083
249,3085
249,3090
249,3992
249,5905
249,7633
257,33
257,80
257,84
257,141
257,163
257,182
257,206
257,212
257,217
257,264
257,279
257,645
257,649
257,651
257,653
257,725
257,951
257,1124
257,1280
257,1299
257,1319
257,1478
257,1747
257,1757
257,1767
257,1774
257,1822
257,1916
257,3042
257,3085
257,3992
258,257
258,264
258,651
259,34
259,56
259,64
259,70
259,80
259,82
259,83
259,84
259,108
259,124
259,129
259,131
259,132
259,133
259,163
259,173
259,178
259,182
259,193
259,194
259,197
259,206
259,210
259,211
259,212
259,216
259,217
259,238
259,244
259,245
259,257
259,264
259,271
259,279
259,364
259,645
259,646
259,649
259,651
259,653
259,657
259,660
259,661
259,662
259,664
259,665
259,675
259,676
259,677
259,679
259,725
259,951
259,1047
259,1124
259,1172
259,1249
259,1280
259,1299
259,1378
259,1431
259,1461
259,1618
259,1747
259,1749
259,1757
259,1767
259,1769
259,1774
259,1777
259,1805
259,1822
259,1844
259,1882
259,1887
259,1916
259,2103
259,3042
259,3081
259,3083
259,3085
259,3089
259,3090
264,82
264,84
264,116
264,182
264,212
264,226
264,379
264,653
264,725
264,1280
264,1299
264,1319
264,1478
264,1744
264,1747
264,1757
264,1767
264,1774
264,1822
264,1916
264,3042
271,64
271,80
271,163
271,178
271,182
271,193
271,206
271,210
271,212
271,217
271,245
271,279
271,645
271,649
271,657
271,725
271,1124
271,1299
271,1378
271,1757
271,1777
271,1882
271,1916
279,56
279,80
279,82
279,84
279,132
279,163
279,182
279,193
279,206
279,212
279,264
279,649
279,662
279,675
279,725
279,1124
279,1249
279,1280
279,1299
279,1747
279,1749
279,1757
279,1769
279,1774
279,1822
279,1916
279,3042
279,3090
280,33
280,80
280,84
280,182
280,257
280,264
280,645
280,651
280,653
280,679
280,951
280,1280
280,1747
280,1757
280,1767
280,1822
280,3042
280,3085
280,3992
350,34
350,49
350,56
350,64
350,70
350,71
350,80
350,82
350,84
350,94
350,108
350,124
350,129
350,131
350,132
350,163
350,173
350,178
350,182
350,183
350,193
350,194
350,197
350,206
350,210
350,211
350,212
350,216
350,217
350,238
350,244
350,245
350,257
350,259
350,264
350,271
350,279
350,364
350,645
350,646
350,649
350,651
350,657
350,660
350,662
350,664
350,665
350,675
350,676
350,677
350,679
350,725
350,1047
350,1124
350,1249
350,1280
350,1299
350,1378
350,1431
350,1461
350,1618
350,1747
350,1749
350,1755
350,1757
350,1769
350,1774
350,1777
350,1822
350,1844
350,1882
350,1887
350,1916
350,2103
350,3042
350,3081
350,3083
350,3084
350,3089
350,3090
364,56
364,64
364,80
364,82
364,132
364,163
364,173
364,178
364,182
364,193
364,194
364,206
364,210
364,212
364,217
364,245
364,279
364,645
364,646
364,649
364,657
364,660
364,662
364,665
364,675
364,676
364,677
364,725
364,1124
364,1249
364,1299
364,1378
364,1431
364,1461
364,1757
364,1769
364,1774
364,1777
364,1882
364,1916
364,3081
364,3090
645,56
645,80
645,82
645,84
645,132
645,163
645,182
645,193
645,206
645,212
645,238
645,245
645,264
645,279
645,649
645,662
645,665
645,675
645,725
645,1124
645,1249
645,1280
645,1299
645,1747
645,1749
645,1757
645,1769
645,1774
645,1822
645,1916
645,3042
645,3090
646,56
646,80
646,82
646,84
646,132
646,163
646,182
646,193
646,206
646,212
646,238
646,245
646,264
646,279
646,645
646,649
646,662
646,665
646,675
646,725
646,951
646,1124
646,1249
646,1280
646,1299
646,1747
646,1749
646,1757
646,1769
646,1774
646,1822
646,1916
646,3090
647,49
647,56
647,64
647,70
647,71
647,80
647,82
647,94
647,108
647,124
647,132
647,163
647,173
647,178
647,182
647,183
647,193
647,194
647,206
647,210
647,211
647,212
647,216
647,217
647,245
647,259
647,264
647,279
647,350
647,364
647,645
647,646
647,649
647,657
647,660
647,662
647,664
647,665
647,676
647,677
647,725
647,1124
647,1249
647,1299
647,1378
647,1431
647,1618
647,1749
647,1755
647,1757
647,1769
647,1774
647,1777
647,1844
647,1882
647,1916
647,2103
647,3081
647,3084
647,3089
647,3090
648,64
648,70
648,80
648,82
648,94
648,132
648,163
648,173
648,178
648,182
648,193
648,194
648,206
648,210
648,211
648,212
648,216
648,217
648,245
648,259
648,279
648,645
648,646
648,649
648,657
648,665
648,676
648,677
648,725
648,1124
648,1249
648,1299
648,1378
648,1431
648,1618
648,1757
648,1774
648,1777
648,1844
648,1882
648,1916
648,2103
648,3084
648,3089
648,3090
649,56
649,80
649,82
649,84
649,132
649,163
649,182
649,193
649,206
649,212
649,264
649,662
649,675
649,725
649,1124
649,1280
649,1299
649,1747
649,1749
649,1757
649,1769
649,1774
649,1822
649,1916
649,3042
649,3090
650,33
650,47
650,49
650,64
650,70
650,71
650,80
650,82
650,84
650,95
650,116
650,132
650,133
650,141
650,163
650,173
650,178
650,182
650,183
650,193
650,194
650,197
650,206
650,210
650,211
650,212
650,217
650,220
650,226
650,244
650,245
650,249
650,257
650,259
650,264
650,279
650,280
650,379
650,645
650,646
650,649
650,651
650,653
650,654
650,657
650,660
650,676
650,678
650,679
650,680
650,725
650,801
650,951
650,1023
650,1124
650,1249
650,1256
650,1280
650,1299
650,1311
650,1319
650,1378
650,1431
650,1440
650,1444
650,1455
650,1478
650,1618
650,1730
650,1744
650,1747
650,1757
650,1767
650,1774
650,1777
650,1778
650,1804
650,1822
650,1844
650,1880
650,1882
650,1883
650,1916
650,2103
650,3042
650,3081
650,3083
650,3084
650,3085
650,3087
650,3088
650,3089
650,3090
650,3992
650,5905
650,7633
651,33
651,80
651,82
651,84
651,116
651,132
651,163
651,182
651,193
651,206
651,212
651,226
651,245
651,264
651,279
651,379
651,645
651,646
651,649
651,653
651,725
651,951
651,1124
651,1249
651,1280
651,1299
651,1319
651,1478
651,1730
651,1744
651,1747
651,1757
651,1767
651,1774
651,1822
651,1880
651,1916
651,3042
651,3085
651,3090
651,3992
653,1280
653,1747
653,1767
653,1822
653,3042
654,80
654,84
654,95
654,141
654,173
654,197
654,226
654,244
654,257
654,264
654,649
654,651
654,679
654,951
654,1256
654,1280
654,1311
654,1378
654,1747
654,1757
654,1767
654,1822
654,1882
654,3042
654,3083
654,3087
657,56
657,80
657,82
657,83
657,84
657,132
657,163
657,182
657,193
657,194
657,206
657,212
657,217
657,238
657,245
657,257
657,264
657,279
657,645
657,646
657,649
657,651
657,662
657,665
657,675
657,725
657,951
657,1124
657,1249
657,1280
657,1299
657,1747
657,1749
657,1757
657,1769
657,1774
657,1822
657,1916
657,3042
657,3090
660,64
660,80
660,82
660,132
660,163
660,173
660,178
660,182
660,193
660,194
660,206
660,210
660,212
660,217
660,245
660,264
660,279
660,645
660,646
660,649
660,657
660,662
660,665
660,676
660,677
660,725
660,1124
660,1249
660,1299
660,1378
660,1431
660,1749
660,1757
660,1769
660,1774
660,1777
660,1844
660,1882
660,1916
660,3081
660,3090
662,80
662,82
662,132
662,163
662,182
662,206
662,212
662,725
662,1124
662,1299
662,1749
662,1757
662,1769
662,1774
662,1916
662,3090
664,34
664,56
664,64
664,70
664,80
664,82
664,108
664,131
664,132
664,163
664,173
664,178
664,182
664,193
664,194
664,206
664,210
664,211
664,212
664,216
664,217
664,245
664,264
664,279
664,364
664,645
664,646
664,649
664,657
664,660
664,662
664,665
664,675
664,676
664,677
664,725
664,1047
664,1124
664,1249
664,1299
664,1378
664,1431
664,1618
664,1749
664,1757
664,1769
664,1774
664,1777
664,1844
664,1882
664,1916
664,2103
664,3081
664,3089
664,3090
665,56
665,80
665,82
665,132
665,163
665,182
665,193
665,206
665,212
665,279
665,649
665,662
665,725
665,1124
665,1249
665,1299
665,1749
665,1757
665,1769
665,1774
665,1916
665,3090
675,82
675,182
675,212
675,1299
675,1757
675,1774
675,1916
676,56
676,64
676,80
676,82
676,132
676,163
676,182
676,193
676,194
676,206
676,212
676,217
676,238
676,245
676,264
676,279
676,645
676,646
676,649
676,651
676,657
676,662
676,665
676,675
676,677
676,725
676,1124
676,1249
676,1299
676,1431
676,1749
676,1757
676,1769
676,1774
676,1916
676,3042
676,3090
677,56
677,64
677,80
677,82
677,132
677,163
677,182
677,193
677,194
677,206
677,212
677,217
677,238
677,245
677,264
677,279
677,645
677,646
677,649
677,657
677,662
677,665
677,675
677,725
677,1124
677,1249
677,1299
677,1749
677,1757
677,1769
677,1774
677,1916
677,3090
678,84
678,264
678,651
678,679
678,1280
678,1767
678,3042
678,3992
679,33
679,64
679,80
679,82
679,84
679,132
679,141
679,182
679,193
679,206
679,212
679,217
679,226
679,245
679,257
679,264
679,279
679,379
679,645
679,646
679,649
679,651
679,653
679,657
679,680
679,725
679,951
679,1124
679,1249
679,1280
679,1299
679,1319
679,1478
679,1747
679,1757
679,1767
679,1774
679,1822
679,1916
679,3042
679,3085
679,3090
679,3992
680,84
680,264
725,82
725,182
725,212
725,675
725,1299
725,1747
725,1749
725,1757
725,1769
725,1774
725,1822
725,1916
725,3042
801,80
801,84
801,141
801,173
801,178
801,244
801,257
801,264
801,649
801,651
801,678
801,679
801,951
801,1280
801,1299
801,1378
801,1478
801,1747
801,1757
801,1767
801,1822
801,1882
801,1916
801,3042
801,3085
801,3992
801,7633
951,33
951,80
951,84
951,132
951,182
951,193
951,206
951,212
951,226
951,245
951,264
951,279
951,645
951,653
951,725
951,1124
951,1249
951,1280
951,1299
951,1319
951,1744
951,1747
951,1757
951,1767
951,1774
951,1822
951,1916
951,3042
951,3085
951,3992
1023,264
1023,1280
1039,84
1039,244
1039,257
1039,264
1039,679
1039,801
1039,1280
1039,1747
1039,1822
1039,3042
1047,56
1047,64
1047,70
1047,80
1047,82
1047,132
1047,163
1047,173
1047,178
1047,182
1047,193
1047,194
1047,206
1047,210
1047,212
1047,217
1047,238
1047,245
1047,279
1047,645
1047,646
1047,649
1047,657
1047,660
1047,662
1047,676
1047,677
1047,725
1047,1124
1047,1249
1047,1299
1047,1378
1047,1431
1047,1757
1047,1769
1047,1774
1047,1777
1047,1844
1047,1882
1047,1916
1047,3081
1047,3090
1124,80
1124,82
1124,84
1124,132
1124,182
1124,206
1124,212
1124,264
1124,675
1124,725
1124,1280
1124,1299
1124,1747
1124,1749
1124,1757
1124,1769
1124,1774
1124,1822
1124,1916
1124,3042
1124,3090
1172,64
1172,70
1172,80
1172,82
1172,132
1172,163
1172,173
1172,178
1172,182
1172,193
1172,194
1172,206
1172,210
1172,212
1172,217
1172,245
1172,279
1172,364
1172,645
1172,646
1172,649
1172,657
1172,662
1172,676
1172,725
1172,1124
1172,1249
1172,1299
1172,1378
1172,1431
1172,1757
1172,1774
1172,1777
1172,1882
1172,1916
1172,3081
1172,3090
1249,56
1249,80
1249,82
1249,132
1249,163
1249,182
1249,193
1249,206
1249,212
1249,264
1249,649
1249,662
1249,675
1249,725
1249,1124
1249,1280
1249,1299
1249,1749
1249,1757
1249,1769
1249,1774
1249,1916
1249,3042
1249,3090
1256,33
1256,47
1256,64
1256,80
1256,84
1256,173
1256,182
1256,197
1256,212
1256,217
1256,226
1256,244
1256,257
1256,264
1256,279
1256,280
1256,649
1256,651
1256,653
1256,679
1256,801
1256,951
1256,1124
1256,1249
1256,1280
1256,1378
1256,1747
1256,1757
1256,1767
1256,1822
1256,1916
1256,3042
1256,3085
1256,5905
1256,7633
1280,182
1280,212
1280,226
1280,1299
1280,1319
1280,1478
1280,1747
1280,1767
1280,1774
1280,1822
1280,1916
1280,3042
1299,82
1299,182
1299,212
1299,1747
1299,1749
1299,1767
1299,1769
1299,1774
1299,1822
1299,1916
1299,3042
1311,80
1311,84
1311,244
1311,257
1311,264
1311,651
1311,1378
1311,1747
1311,1757
1311,1822
1311,3042
1325,133
1325,264
1325,3992
1378,56
1378,64
1378,80
1378,82
1378,83
1378,84
1378,132
1378,163
1378,182
1378,193
1378,194
1378,206
1378,212
1378,217
1378,238
1378,245
1378,257
1378,264
1378,279
1378,280
1378,645
1378,646
1378,649
1378,651
1378,653
1378,657
1378,661
1378,662
1378,665
1378,675
1378,676
1378,677
1378,679
1378,725
1378,951
1378,1124
1378,1249
1378,1280
1378,1299
1378,1431
1378,1478
1378,1747
1378,1749
1378,1757
1378,1767
1378,1769
1378,1774
1378,1777
1378,1822
1378,1844
1378,1882
1378,1916
1378,3042
1378,3081
1378,3085
1378,3090
1378,3992
1431,56
1431,64
1431,80
1431,82
1431,132
1431,163
1431,182
1431,193
1431,194
1431,206
1431,212
1431,217
1431,238
1431,245
1431,264
1431,279
1431,645
1431,646
1431,649
1431,657
1431,662
1431,665
1431,675
1431,677
1431,725
1431,1124
1431,1249
1431,1299
1431,1749
1431,1757
1431,1769
1431,1774
1431,1916
1431,3090
1440,33
1440,64
1440,80
1440,84
1440,95
1440,116
1440,132
1440,133
1440,141
1440,173
1440,178
1440,182
1440,197
1440,210
1440,212
1440,217
1440,244
1440,257
1440,259
1440,264
1440,279
1440,280
1440,651
1440,654
1440,657
1440,679
1440,680
1440,725
1440,801
1440,951
1440,1124
1440,1280
1440,1299
1440,1311
1440,1378
1440,1444
1440,1747
1440,1757
1440,1767
1440,1777
1440,1822
1440,1882
1440,1916
1440,3042
1440,3083
1440,3085
1440,3087
1440,3088
1440,3992
1444,33
1444,84
1444,226
1444,244
1444,257
1444,264
1444,379
1444,651
1444,653
1444,679
1444,951
1444,1280
1444,1744
1444,1747
1444,1822
1444,1883
1444,3042
1444,3085
1455,33
1455,47
1455,64
1455,80
1455,84
1455,133
1455,173
1455,178
1455,182
1455,193
1455,197
1455,206
1455,210
1455,212
1455,217
1455,244
1455,245
1455,249
1455,257
1455,259
1455,264
1455,279
1455,280
1455,645
1455,649
1455,651
1455,653
1455,657
1455,679
1455,725
1455,801
1455,951
1455,1124
1455,1249
1455,1256
1455,1280
1455,1299
1455,1319
1455,1378
1455,1444
1455,1747
1455,1757
1455,1767
1455,1777
1455,1822
1455,1882
1455,1916
1455,3042
1455,3083
1455,3085
1455,3992
1455,5905
1455,7633
1461,56
1461,64
1461,80
1461,82
1461,132
1461,163
1461,173
1461,178
1461,182
1461,193
1461,194
1461,206
1461,210
1461,212
1461,217
1461,245
1461,279
1461,645
1461,646
1461,649
1461,657
1461,676
1461,725
1461,1124
1461,1249
1461,1299
1461,1378
1461,1431
1461,1757
1461,1774
1461,1777
1461,1882
1461,1916
1461,3090
1478,1747
1478,1767
1478,1822
1618,34
1618,56
1618,64
1618,70
1618,80
1618,82
1618,83
1618,84
1618,108
1618,129
1618,131
1618,132
1618,163
1618,173
1618,178
1618,182
1618,193
1618,194
1618,197
1618,206
1618,210
1618,211
1618,212
1618,216
1618,217
1618,238
1618,244
1618,245
1618,257
1618,264
1618,271
1618,279
1618,364
1618,645
1618,646
1618,649
1618,651
1618,657
1618,660
1618,662
1618,665
1618,675
1618,676
1618,677
1618,679
1618,725
1618,1047
1618,1124
1618,1172
1618,1249
1618,1280
1618,1299
1618,1378
1618,1431
1618,1461
1618,1747
1618,1749
1618,1757
1618,1769
1618,1774
1618,1777
1618,1805
1618,1822
1618,1844
1618,1882
1618,1887
1618,1916
1618,2103
1618,3042
1618,3081
1618,3083
1618,3089
1618,3090
1730,264
1744,226
1749,1774
1749,1916
1755,34
1755,56
1755,64
1755,70
1755,80
1755,82
1755,84
1755,94
1755,108
1755,124
1755,129
1755,131
1755,132
1755,163
1755,173
1755,178
1755,182
1755,183
1755,193
1755,194
1755,206
1755,210
1755,211
1755,212
1755,216
1755,217
1755,238
1755,244
1755,245
1755,259
1755,264
1755,271
1755,279
1755,364
1755,645
1755,646
1755,649
1755,651
1755,657
1755,660
1755,662
1755,664
1755,665
1755,675
1755,676
1755,677
1755,679
1755,725
1755,1047
1755,1124
1755,1172
1755,1249
1755,1280
1755,1299
1755,1378
1755,1431
1755,1461
1755,1618
1755,1747
1755,1749
1755,1757
1755,1769
1755,1774
1755,1777
1755,1822
1755,1844
1755,1882
1755,1887
1755,1916
1755,2103
1755,3042
1755,3081
1755,3084
1755,3089
1755,3090
1757,82
1757,182
1757,212
1757,1280
1757,1299
1757,1747
1757,1749
1757,1767
1757,1769
1757,1774
1757,1822
1757,1916
1757,3042
1767,1747
1767,1822
1767,1916
1769,182
1769,212
1769,1774
1769,1916
1774,1747
1777,56
1777,64
1777,80
1777,82
1777,83
1777,84
1777,132
1777,163
1777,182
1777,193
1777,194
1777,206
1777,212
1777,217
1777,238
1777,245
1777,257
1777,264
1777,279
1777,645
1777,646
1777,649
1777,651
1777,657
1777,662
1777,665
1777,675
1777,676
1777,677
1777,679
1777,725
1777,951
1777,1124
1777,1249
1777,1280
1777,1299
1777,1431
1777,1747
1777,1749
1777,1757
1777,1769
1777,1774
1777,1822
1777,1916
1777,3042
1777,3090
1778,84
1778,197
1778,244
1778,264
1778,651
1778,679
1778,951
1778,1280
1778,1747
1778,1822
1778,3042
1804,264
1805,64
1805,70
1805,80
1805,82
1805,132
1805,163
1805,173
1805,178
1805,182
1805,193
1805,194
1805,206
1805,210
1805,212
1805,217
1805,245
1805,279
1805,645
1805,646
1805,649
1805,657
1805,676
1805,677
1805,725
1805,1124
1805,1249
1805,1299
1805,1378
1805,1757
1805,1777
1805,1882
1805,1916
1805,2103
1805,3081
1805,3089
1805,3090
1822,212
1822,1747
1822,1774
1822,1916
1844,56
1844,64
1844,80
1844,82
1844,132
1844,163
1844,182
1844,193
1844,194
1844,206
1844,212
1844,217
1844,245
1844,264
1844,279
1844,645
1844,646
1844,649
1844,657
1844,662
1844,665
1844,675
1844,676
1844,677
1844,725
1844,1124
1844,1249
1844,1299
1844,1431
1844,1749
1844,1757
1844,1769
1844,1774
1844,1777
1844,1882
1844,1916
1844,3081
1844,3090
1880,264
1882,56
1882,64
1882,80
1882,82
1882,84
1882,132
1882,163
1882,182
1882,193
1882,194
1882,206
1882,212
1882,217
1882,238
1882,245
1882,257
1882,264
1882,279
1882,645
1882,646
1882,649
1882,651
1882,657
1882,662
1882,665
1882,675
1882,676
1882,677
1882,679
1882,725
1882,951
1882,1124
1882,1249
1882,1280
1882,1299
1882,1431
1882,1747
1882,1749
1882,1757
1882,1769
1882,1774
1882,1777
1882,1822
1882,1916
1882,3042
1882,3085
1882,3090
1882,3992
1883,33
1883,84
1883,226
1883,264
1883,651
1883,1747
1883,1822
1887,64
1887,70
1887,80
1887,82
1887,132
1887,163
1887,173
1887,178
1887,182
1887,193
1887,194
1887,206
1887,210
1887,212
1887,217
1887,245
1887,279
1887,645
1887,646
1887,649
1887,657
1887,676
1887,677
1887,725
1887,1124
1887,1249
1887,1299
1887,1378
1887,1757
1887,1769
1887,1774
1887,1777
1887,1882
1887,1916
1887,2103
1887,3081
1887,3090
1891,17
1891,33
1891,47
1891,49
1891,64
1891,70
1891,71
1891,80
1891,82
1891,84
1891,95
1891,132
1891,133
1891,141
1891,173
1891,178
1891,182
1891,193
1891,197
1891,206
1891,210
1891,212
1891,217
1891,226
1891,244
1891,249
1891,257
1891,259
1891,264
1891,279
1891,280
1891,645
1891,649
1891,650
1891,651
1891,653
1891,657
1891,679
1891,725
1891,801
1891,951
1891,1124
1891,1256
1891,1280
1891,1299
1891,1319
1891,1378
1891,1440
1891,1444
1891,1455
1891,1478
1891,1747
1891,1757
1891,1767
1891,1777
1891,1822
1891,1882
1891,1916
1891,3042
1891,3081
1891,3083
1891,3085
1891,3089
1891,3090
1891,3992
1891,5905
1891,7633
1891,8319
1916,1747
1916,1774
2103,56
2103,64
2103,80
2103,82
2103,83
2103,84
2103,129
2103,132
2103,163
2103,173
2103,178
2103,182
2103,193
2103,194
2103,206
2103,210
2103,212
2103,217
2103,245
2103,264
2103,271
2103,279
2103,364
2103,645
2103,646
2103,649
2103,651
2103,657
2103,660
2103,662
2103,665
2103,675
2103,676
2103,677
2103,725
2103,951
2103,1124
2103,1249
2103,1299
2103,1378
2103,1431
2103,1461
2103,1747
2103,1749
2103,1757
2103,1769
2103,1774
2103,1777
2103,1822
2103,1844
2103,1882
2103,1916
2103,3081
2103,3090
3042,212
3042,1478
3042,1747
3042,1767
3042,1822
3042,1916
3081,56
3081,64
3081,80
3081,82
3081,84
3081,132
3081,163
3081,182
3081,193
3081,194
3081,206
3081,212
3081,217
3081,238
3081,245
3081,264
3081,279
3081,645
3081,646
3081,649
3081,651
3081,657
3081,662
3081,665
3081,675
3081,676
3081,677
3081,679
3081,725
3081,1124
3081,1249
3081,1280
3081,1299
3081,1431
3081,1749
3081,1757
3081,1769
3081,1774
3081,1777
3081,1822
3081,1882
3081,1916
3081,3042
3081,3090
3083,33
3083,47
3083,64
3083,70
3083,80
3083,82
3083,84
3083,95
3083,116
3083,132
3083,141
3083,163
3083,173
3083,178
3083,182
3083,193
3083,194
3083,197
3083,206
3083,210
3083,212
3083,217
3083,226
3083,244
3083,245
3083,257
3083,264
3083,279
3083,280
3083,379
3083,645
3083,646
3083,649
3083,651
3083,653
3083,657
3083,676
3083,679
3083,680
3083,725
3083,801
3083,951
3083,1124
3083,1249
3083,1256
3083,1280
3083,1299
3083,1311
3083,1319
3083,1378
3083,1444
3083,1478
3083,1730
3083,1747
3083,1757
3083,1767
3083,1774
3083,1777
3083,1822
3083,1882
3083,1883
3083,1916
3083,2103
3083,3042
3083,3085
3083,3087
3083,3090
3083,3992
3083,5905
3083,7633
3084,34
3084,56
3084,64
3084,70
3084,80
3084,82
3084,83
3084,84
3084,108
3084,124
3084,129
3084,131
3084,132
3084,133
3084,163
3084,173
3084,178
3084,182
3084,193
3084,194
3084,197
3084,206
3084,210
3084,211
3084,212
3084,216
3084,217
3084,238
3084,244
3084,245
3084,257
3084,259
3084,264
3084,271
3084,279
3084,364
3084,645
3084,646
3084,649
3084,651
3084,657
3084,660
3084,662
3084,664
3084,665
3084,675
3084,676
3084,677
3084,679
3084,725
3084,951
3084,1047
3084,1124
3084,1172
3084,1249
3084,1256
3084,1280
3084,1299
3084,1378
3084,1431
3084,1461
3084,1618
3084,1747
3084,1749
3084,1757
3084,1767
3084,1769
3084,1774
3084,1777
3084,1805
3084,1822
3084,1844
3084,1882
3084,1887
3084,1916
3084,2103
3084,3042
3084,3081
3084,3083
3084,3085
3084,3089
3084,3090
3085,33
3085,80
3085,84
3085,182
3085,212
3085,264
3085,279
3085,653
3085,1124
3085,1280
3085,1299
3085,1747
3085,1757
3085,1767
3085,1822
3085,1916
3085,3042
3085,3992
3087,84
3087,141
3087,197
3087,244
3087,264
3087,651
3087,679
3087,951
3087,1280
3087,1747
3087,1822
3087,3042
3087,3085
3088,80
3088,84
3088,95
3088,116
3088,141
3088,197
3088,244
3088,257
3088,264
3088,651
3088,653
3088,654
3088,679
3088,680
3088,951
3088,1256
3088,1280
3088,1378
3088,1822
3088,3042
3088,3083
3088,3087
3089,34
3089,56
3089,64
3089,70
3089,80
3089,82
3089,83
3089,84
3089,129
3089,131
3089,132
3089,163
3089,173
3089,178
3089,182
3089,193
3089,194
3089,197
3089,206
3089,210
3089,212
3089,217
3089,238
3089,244
3089,245
3089,257
3089,264
3089,271
3089,279
3089,364
3089,645
3089,646
3089,649
3089,651
3089,657
3089,660
3089,662
3089,665
3089,675
3089,676
3089,677
3089,679
3089,725
3089,951
3089,1047
3089,1124
3089,1172
3089,1249
3089,1280
3089,1299
3089,1378
3089,1431
3089,1461
3089,1747
3089,1749
3089,1757
3089,1769
3089,1774
3089,1777
3089,1822
3089,1844
3089,1882
3089,1887
3089,1916
3089,2103
3089,3042
3089,3081
3089,3083
3089,3090
3090,82
3090,132
3090,182
3090,206
3090,212
3090,264
3090,675
3090,725
3090,1299
3090,1749
3090,1757
3090,1769
3090,1774
3090,1916
3992,80
3992,84
3992,264
3992,1280
3992,1478
3992,1747
3992,1757
3992,1767
3992,1822
3992,3042
5905,84
5905,257
5905,264
5905,651
5905,653
5905,679
5905,951
5905,1280
5905,1747
5905,1767
5905,1822
5905,3042
7633,84
7633,244
7633,257
7633,264
7633,651
7633,679
7633,951
7633,1280
7633,1747
7633,1767
7633,1822
7633,3042
7633,3085
8319,17
8319,33
8319,64
8319,80
8319,84
8319,133
8319,173
8319,178
8319,182
8319,197
8319,210
8319,212
8319,217
8319,244
8319,249
8319,257
8319,264
8319,280
8319,645
8319,650
8319,651
8319,653
8319,657
8319,679
8319,725
8319,801
8319,951
8319,1124
8319,1280
8319,1299
8319,1378
8319,1455
8319,1478
8319,1747
8319,1757
8319,1767
8319,1774
8319,1777
8319,1822
8319,1882
8319,1883
8319,1916
8319,3042
8319,3083
8319,3085
8319,3992
8319,5905
8319,7633
