congress,chamber,icpsr,state_icpsr,district_code,state_abbrev,party_code,occupancy,last_means,bioname,bioguide_id,born,died,nominate_dim1,nominate_dim2,nominate_log_likelihood,nominate_geo_mean_probability,nominate_number_of_votes,nominate_number_of_errors,conditional,nokken_poole_dim1,nokken_poole_dim2
117,President,99912,99,0,USA,200,0,0,"TRUMP, Donald John",,1946,,0.403,0.162,,,,,,,
117,President,99913,99,0,USA,100,0,0,"BIDEN, Joseph Robinette, Jr.",B000444,1942,,-0.32,0.283,,,,,,,
117,House,20301,41,3,AL,200,,,"ROGERS, Mike Dennis",R000575,1958,,0.379,0.377,-85.80085,0.89937,809,31,,0.419,0.537
117,House,21102,41,7,AL,100,,,"SEWELL, Terri",S001185,1965,,-0.4,0.393,-22.21317,0.97347,826,9,,-0.492,0.475
117,House,21193,41,5,AL,200,,,"BROOKS, Mo",B001274,1954,,0.652,-0.417,-168.03035,0.8141,817,80,,0.697,-0.288
117,House,21500,41,6,AL,200,,,"PALMER, Gary James",P000609,1954,,0.678,0.113,-111.74988,0.87417,831,50,,0.648,0.245
117,House,22108,41,1,AL,200,,,"CARL, Jerry L.",C001054,1958,,0.55,0.239,-80.07435,0.90856,835,30,,0.51,0.568
117,House,22140,41,2,AL,200,,,"MOORE, Barry",M001212,1966,,0.64,-0.246,-153.69603,0.83003,825,77,,0.633,-0.132
117,House,29701,41,4,AL,200,,,"ADERHOLT, Robert",A000055,1965,,0.405,0.467,-127.68606,0.85709,828,55,,0.541,0.365
117,House,14066,81,1,AK,200,,,"YOUNG, Donald Edwin",Y000033,1933,2022.0,0.283,0.022,-83.13235,0.81484,406,33,,0.255,0.047
117,House,22168,81,1,AK,100,,,"PELTOLA, Mary Sattler",P000619,1973,,-0.138,0.378,-5.15177,0.95581,114,1,,-0.627,-0.363
117,House,21995,93,0,AS,200,,,"RADEWAGEN, Aumua Amata Coleman",R000600,1947,,0.325,0.186,,,,,,,
117,House,20305,61,3,AZ,100,,,"GRIJALVA, Raúl M.",G000551,1948,,-0.598,-0.264,-11.35376,0.98632,824,3,,-0.527,-0.305
117,House,20902,61,2,AZ,100,,,"KIRKPATRICK, Ann",K000368,1950,,-0.169,-0.01,-30.95096,0.96374,838,14,,-0.423,0.144
117,House,21103,61,4,AZ,200,,,"GOSAR, Paul",G000565,1958,,0.702,-0.515,-152.08167,0.83128,823,67,,0.733,-0.53
117,House,21105,61,6,AZ,200,,,"SCHWEIKERT, David",S001183,1962,,0.555,-0.226,-156.04382,0.82991,837,69,,0.549,-0.241
117,House,21502,61,7,AZ,100,,,"GALLEGO, Ruben",G000574,1979,,-0.389,0.156,-15.18198,0.982,836,5,,-0.488,0.334
117,House,21705,61,5,AZ,200,,,"BIGGS, Andrew S.",B001302,1958,,0.818,-0.575,-127.70797,0.8577,832,54,,0.773,-0.635
117,House,21739,61,1,AZ,100,,,"O'HALLERAN, Thomas C.",O000171,1946,,-0.198,0.18,-27.28299,0.96759,828,7,,-0.298,0.492
117,House,21757,61,8,AZ,200,,,"LESKO, Debbie",L000589,1958,,0.616,-0.104,-131.80709,0.8423,768,51,,0.614,-0.139
117,House,21968,61,9,AZ,100,,,"STANTON, Greg",S001211,1970,,-0.279,0.266,-20.73615,0.97562,840,6,,-0.264,0.254
117,House,21106,42,1,AR,200,,,"CRAWFORD, Rick",C001087,1966,,0.46,0.308,-124.17604,0.86151,833,46,,0.558,0.339
117,House,21108,42,3,AR,200,,,"WOMACK, Steve",W000809,1957,,0.348,0.636,-78.70793,0.91056,840,33,,0.334,0.586
117,House,21503,42,2,AR,200,,,"HILL, French",H001072,1956,,0.437,0.271,-70.35472,0.91882,831,25,,0.398,0.353
117,House,21563,42,4,AR,200,,,"WESTERMAN, Bruce Eugene",W000821,1967,,0.546,0.252,-74.27014,0.91431,829,26,,0.537,0.375
117,House,15448,71,12,CA,100,,,"PELOSI, Nancy",P000197,1940,,-0.49,-0.181,-0.62096,0.99488,121,0,,-0.413,0.253
117,House,20104,71,28,CA,100,,,"SCHIFF, Adam",S001150,1960,,-0.351,-0.123,-16.33395,0.98074,840,7,,-0.457,-0.173
117,House,20107,71,50,CA,200,,,"ISSA, Darrell",I000056,1953,,0.478,0.021,-96.70789,0.88759,811,36,,0.418,0.252
117,House,20307,71,22,CA,200,,,"NUNES, Devin",N000181,1973,,0.45,0.223,-18.62697,0.95129,373,6,,0.456,0.68
117,House,20310,71,38,CA,100,,,"SÁNCHEZ, Linda T.",S001156,1969,,-0.508,-0.131,-10.62804,0.98734,834,4,,-0.453,-0.179
117,House,20501,71,16,CA,100,,,"COSTA, Jim",C001059,1952,,-0.197,0.448,-34.31676,0.95901,820,9,,-0.245,0.176
117,House,20538,71,6,CA,100,,,"MATSUI, Doris",M001163,1944,,-0.433,-0.141,-17.09785,0.97959,829,7,,-0.458,-0.035
117,House,20702,71,9,CA,100,,,"McNERNEY, Jerry",M001166,1951,,-0.263,-0.159,-17.91455,0.97877,835,6,,-0.43,-0.142
117,House,20703,71,23,CA,200,,,"MCCARTHY, Kevin",M001165,1965,,0.453,0.233,-83.61265,0.90261,816,29,,0.457,0.304
117,House,20762,71,14,CA,100,,,"SPEIER, Karen Lorraine Jacqueline (Jackie)",S001175,1950,,-0.381,-0.41,-41.4487,0.94926,796,10,,-0.389,-0.11
117,House,20903,71,4,CA,200,,,"McCLINTOCK, Tom",M001177,1956,,0.673,-0.37,-228.74081,0.75658,820,107,,0.614,-0.418
117,House,20955,71,27,CA,100,,,"CHU, Judy",C001080,1953,,-0.482,-0.371,-14.44758,0.98291,838,4,,-0.573,-0.255
117,House,20958,71,3,CA,100,,,"GARAMENDI, John",G000559,1945,,-0.312,-0.095,-24.806,0.97059,831,8,,-0.317,-0.175
117,House,21110,71,37,CA,100,,,"BASS, Karen",B001270,1953,,-0.584,-0.098,-20.59215,0.97437,793,3,,-0.553,-0.015
117,House,21302,71,1,CA,200,,,"LaMALFA, Doug",L000578,1960,,0.541,0.008,-142.5663,0.83934,814,60,,0.519,-0.007
117,House,21303,71,2,CA,100,,,"HUFFMAN, Jared",H001068,1964,,-0.43,-0.512,-12.68903,0.9849,834,3,,-0.524,-0.441
117,House,21304,71,7,CA,100,,,"BERA, Ami",B001287,1965,,-0.245,0.012,-19.87463,0.97603,819,7,,-0.352,0.115
117,House,21306,71,15,CA,100,,,"SWALWELL, Eric",S001193,1980,,-0.356,-0.047,-20.44918,0.97578,834,7,,-0.285,-0.051
117,House,21307,71,21,CA,200,,,"VALADAO, David G.",V000129,1977,,0.258,0.438,-73.74087,0.9143,823,24,,0.283,0.311
117,House,21308,71,26,CA,100,,,"BROWNLEY, Julia",B001285,1952,,-0.301,0.052,-13.53653,0.98386,832,2,,-0.393,0.224
117,House,21309,71,29,CA,100,,,"CÁRDENAS, Tony",C001097,1963,,-0.39,-0.046,-19.51907,0.9767,828,10,,-0.527,0.007
117,House,21311,71,36,CA,100,,,"RUIZ, Raul",R000599,1972,,-0.257,0.046,-21.29781,0.97493,839,12,,-0.482,0.292
117,House,21312,71,41,CA,100,,,"TAKANO, Mark",T000472,1960,,-0.46,-0.328,-15.48357,0.9815,829,8,,-0.466,-0.383
117,House,21313,71,47,CA,100,,,"LOWENTHAL, Alan",L000579,1941,,-0.449,-0.384,-23.48437,0.97223,834,9,,-0.409,-0.501
117,House,21314,71,51,CA,100,,,"VARGAS, Juan",V000130,1961,,-0.395,0.023,-18.79926,0.9775,826,7,,-0.507,-0.08
117,House,21315,71,52,CA,100,,,"PETERS, Scott",P000608,1958,,-0.192,-0.03,-27.40403,0.96725,823,11,,-0.258,0.288
117,House,21504,71,11,CA,100,,,"DESAULNIER, Mark James",D000623,1952,,-0.512,-0.364,-15.97581,0.98103,834,8,,-0.544,-0.38
117,House,21506,71,31,CA,100,,,"AGUILAR, Peter Rey",A000371,1979,,-0.319,0.14,-16.40748,0.98061,838,7,,-0.406,0.281
117,House,21507,71,33,CA,100,,,"LIEU, Ted",L000582,1969,,-0.373,-0.21,-15.78527,0.98123,833,6,,-0.434,-0.126
117,House,21508,71,35,CA,100,,,"TORRES, Norma Judith",T000474,1965,,-0.37,0.071,-22.2092,0.97347,826,7,,-0.481,0.33
117,House,21703,71,44,CA,100,,,"BARRAGÁN, Nanette Diaz",B001300,1976,,-0.5,-0.121,-16.29536,0.98058,831,4,,-0.483,-0.284
117,House,21709,71,24,CA,100,,,"CARBAJAL, Salud",C001112,1964,,-0.323,0.105,-19.8279,0.97667,840,11,,-0.292,-0.022
117,House,21711,71,46,CA,100,,,"CORREA, Jose Luis",C001110,1958,,-0.281,0.146,-36.95397,0.95686,838,14,,-0.331,0.057
117,House,21728,71,17,CA,100,,,"KHANNA, Rohit",K000389,1976,,-0.463,-0.308,-15.75249,0.98129,834,9,,-0.333,-0.429
117,House,21740,71,20,CA,100,,,"PANETTA, James Varni",P000613,1969,,-0.289,0.18,-30.38836,0.96447,840,13,,-0.248,0.17
117,House,21754,71,34,CA,100,,,"GOMEZ, Jimmy",G000585,1974,,-0.536,-0.267,-19.47457,0.97695,835,8,,-0.398,-0.57
117,House,21930,71,10,CA,100,,,"HARDER, Josh",H001090,1986,,-0.321,0.527,-23.21519,0.97261,836,9,,-0.37,0.459
117,House,21939,71,49,CA,100,,,"LEVIN, Mike",L000593,1978,,-0.322,0.171,-17.92253,0.97889,840,9,,-0.414,0.35
117,House,21954,71,45,CA,100,,,"PORTER, Katie",P000618,1974,,-0.236,-0.332,-32.69967,0.96169,837,15,,-0.281,-0.414
117,House,21988,71,25,CA,200,,,"GARCIA, Mike",G000061,1976,,0.356,0.097,-105.65754,0.88087,833,43,,0.365,0.044
117,House,22126,71,53,CA,100,,,"JACOBS, Sara",J000305,1989,,-0.395,-0.439,-16.50358,0.98027,828,8,,-0.33,-0.446
117,House,22129,71,39,CA,200,,,"KIM, Young",K000397,1962,,0.254,0.373,-91.05514,0.8968,836,38,,0.275,0.25
117,House,22145,71,8,CA,200,,,"OBERNOLTE, Jay",O000019,1970,,0.316,0.283,-126.5624,0.8592,834,53,,0.323,0.229
117,House,22152,71,48,CA,200,,,"STEEL, Michelle",S001135,1955,,0.37,0.275,-80.58995,0.90747,830,35,,0.359,0.338
117,House,22164,71,22,CA,200,,,"CONWAY, Connie",C001128,1950,,0.376,0.295,-21.90512,0.9099,232,9,,0.379,0.27
117,House,29106,71,43,CA,100,,,"WATERS, Maxine",W000187,1938,,-0.656,-0.095,-52.1911,0.93812,817,20,,-0.883,-0.035
117,House,29312,71,18,CA,100,,,"ESHOO, Anna Georges",E000215,1942,,-0.379,-0.372,-21.87161,0.97412,834,9,,-0.362,-0.124
117,House,29317,71,40,CA,100,,,"ROYBAL-ALLARD, Lucille",R000486,1941,,-0.469,-0.171,-24.87001,0.97069,836,11,,-0.428,0.179
117,House,29323,71,42,CA,200,,,"CALVERT, Ken",C000059,1953,,0.339,0.276,-72.95098,0.91566,828,33,,0.335,0.44
117,House,29504,71,19,CA,100,,,"LOFGREN, Zoe",L000397,1947,,-0.398,-0.405,-39.271,0.95368,828,12,,-0.277,-0.307
117,House,29707,71,30,CA,100,,,"SHERMAN, Brad",S000344,1954,,-0.343,-0.136,-16.73106,0.98019,836,5,,-0.422,0.11
117,House,29778,71,13,CA,100,,,"LEE, Barbara",L000551,1946,,-0.676,-0.582,-15.71547,0.98129,832,5,,-0.506,-0.589
117,House,29901,71,5,CA,100,,,"THOMPSON, Michael",T000460,1951,,-0.393,0.07,-20.12511,0.97627,838,8,,-0.295,-0.079
117,House,29903,71,32,CA,100,,,"NAPOLITANO, Grace Flores",N000179,1936,,-0.448,-0.247,-10.06478,0.98808,839,2,,-0.458,-0.2
117,House,20704,62,5,CO,200,,,"LAMBORN, Doug",L000564,1954,,0.665,0.257,-112.62356,0.87239,825,49,,0.596,0.18
117,House,20705,62,7,CO,100,,,"PERLMUTTER, Ed",P000593,1953,,-0.282,0.072,-21.52777,0.97464,838,11,,-0.349,0.041
117,House,21510,62,4,CO,200,,,"BUCK, Kenneth Robert",B001297,1959,,0.655,-0.432,-158.25462,0.81929,794,83,,0.677,-0.445
117,House,21912,62,6,CO,100,,,"CROW, Jason",C001121,1979,,-0.343,0.196,-20.50225,0.97572,834,12,,-0.335,0.23
117,House,21948,62,2,CO,100,,,"NEGUSE, Joseph",N000191,1984,,-0.422,-0.113,-15.03846,0.98224,839,4,,-0.313,-0.3
117,House,22103,62,3,CO,200,,,"BOEBERT, Lauren",B000825,1986,,0.738,-0.497,-140.1898,0.84268,819,64,,0.761,-0.534
117,House,29710,62,1,CO,100,,,"DeGETTE, Diana",D000197,1957,,-0.431,-0.308,-19.34851,0.97712,836,9,,-0.371,-0.253
117,House,20706,1,2,CT,100,,,"COURTNEY, Joe",C001069,1953,,-0.338,0.041,-26.87746,0.96851,840,14,,-0.278,-0.036
117,House,20907,1,4,CT,100,,,"HIMES, James A.",H001047,1966,,-0.242,-0.207,-44.32852,0.94836,836,16,,-0.204,-0.183
117,House,21931,1,5,CT,100,,,"HAYES, Jahana",H001081,1973,,-0.31,-0.062,-34.88037,0.95933,840,14,,-0.373,-0.147
117,House,29109,1,3,CT,100,,,"DeLAURO, Rosa L.",D000216,1943,,-0.415,-0.108,-56.50375,0.93457,835,18,,-0.257,-0.29
117,House,29908,1,1,CT,100,,,"LARSON, John B.",L000557,1948,,-0.396,-0.038,-33.57283,0.96036,830,12,,-0.282,-0.104
117,House,21706,11,1,DE,100,,,"BLUNT ROCHESTER, Lisa",B001303,1962,,-0.358,-0.11,-18.08568,0.97867,839,9,,-0.377,-0.159
117,House,21993,55,0,DC,100,,,"NORTON, Eleanor Holmes",N000147,1937,,-0.491,-0.114,-0.19623,0.98502,13,0,,-0.411,-0.874
117,House,20316,43,25,FL,200,,,"DIAZ-BALART, Mario",D000600,1961,,0.281,0.157,-85.88596,0.90079,822,30,,0.311,0.332
117,House,20504,43,23,FL,100,,,"WASSERMAN SCHULTZ, Debbie",W000797,1966,,-0.416,0.102,-24.79945,0.97087,839,10,,-0.362,0.238
117,House,20708,43,14,FL,100,,,"CASTOR, Kathy",C001066,1966,,-0.437,0.071,-25.54321,0.96966,829,12,,-0.506,0.311
117,House,20709,43,16,FL,200,,,"BUCHANAN, Vernon G.",B001260,1951,,0.362,-0.085,-94.25126,0.89179,823,30,,0.429,0.226
117,House,20758,43,12,FL,200,,,"BILIRAKIS, Gus",B001257,1963,,0.423,-0.033,-85.37048,0.90259,833,28,,0.433,0.07
117,House,20909,43,8,FL,200,,,"POSEY, Bill",P000599,1947,,0.533,-0.353,-165.61276,0.81426,806,72,,0.541,-0.326
117,House,20959,43,22,FL,100,,,"DEUTCH, Theodore E. (Ted)",D000610,1966,,-0.401,-0.078,-13.51561,0.98183,737,6,,-0.469,0.307
117,House,21116,43,11,FL,200,,,"WEBSTER, Daniel A.",W000806,1949,,0.523,-0.078,-142.55799,0.83119,771,69,,0.583,-0.108
117,House,21118,43,24,FL,100,,,"WILSON, Frederica",W000808,1942,,-0.478,-0.006,-16.96004,0.97982,832,8,,-0.572,0.123
117,House,21321,43,21,FL,100,,,"FRANKEL, Lois",F000462,1948,,-0.397,-0.027,-21.51871,0.97444,831,12,,-0.524,0.174
117,House,21712,43,13,FL,100,,,"CRIST, Charlie Joseph Jr.",C001111,1956,,-0.227,0.079,-21.6091,0.97051,722,10,,-0.26,0.273
117,House,21713,43,10,FL,100,,,"DEMINGS, Valdez Butler",D000627,1957,,-0.322,-0.006,-35.54213,0.95843,837,18,,-0.241,0.204
117,House,21714,43,2,FL,200,,,"DUNN, Neal Patrick",D000628,1953,,0.507,0.333,-83.86089,0.90346,826,31,,0.47,0.506
117,House,21719,43,1,FL,200,,,"GAETZ, Matthew L. II",G000578,1982,,0.593,-0.643,-259.48644,0.72873,820,111,,0.562,-0.717
117,House,21732,43,5,FL,100,,,"LAWSON, Alfred Jr.",L000586,1948,,-0.26,0.076,-26.65543,0.96862,836,10,,-0.344,0.163
117,House,21735,43,18,FL,200,,,"MAST, Brian Jeffery",M001199,1980,,0.463,-0.352,-206.35885,0.77727,819,111,,0.519,-0.363
117,House,21738,43,7,FL,100,,,"MURPHY, Stephanie",M001202,1978,,-0.161,0.123,-56.4531,0.93009,779,20,,-0.181,0.332
117,House,21744,43,4,FL,200,,,"RUTHERFORD, John Henry",R000609,1952,,0.432,0.067,-171.25443,0.80772,802,70,,0.478,-0.051
117,House,21746,43,9,FL,100,,,"SOTO, Darren Michael",S001200,1978,,-0.349,0.194,-26.29543,0.96911,838,13,,-0.296,0.174
117,House,21971,43,17,FL,200,,,"STEUBE, William",S001214,1978,,0.69,-0.333,-138.80601,0.8434,815,54,,0.74,-0.151
117,House,21981,43,6,FL,200,,,"WALTZ, Michael",W000823,1974,,0.452,-0.113,-97.53643,0.88888,828,37,,0.429,0.155
117,House,22107,43,3,FL,200,,,"CAMMACK, Kat",C001039,1988,,0.591,-0.232,-142.54621,0.8422,830,62,,0.593,-0.192
117,House,22111,43,19,FL,200,,,"DONALDS, Byron",D000032,1978,,0.652,-0.26,-129.8703,0.85186,810,56,,0.647,-0.155
117,House,22116,43,15,FL,200,,,"FRANKLIN, C. Scott",F000472,1964,,0.62,0.181,-102.03501,0.88419,829,44,,0.602,0.129
117,House,22118,43,26,FL,200,,,"GIMENEZ, Carlos A.",G000593,1954,,0.331,0.133,-96.50431,0.89098,836,40,,0.309,0.15
117,House,22150,43,27,FL,200,,,"SALAZAR, Maria Elvira",S000168,1961,,0.271,0.158,-127.78114,0.85538,818,55,,0.266,0.06
117,House,22163,43,20,FL,100,,,"CHERFILUS-MCCORMICK, Sheila",C001127,1979,,-0.475,-0.002,-15.07784,0.9669,448,8,,-0.63,0.452
117,House,29337,43,20,FL,100,,,"HASTINGS, Alcee Lamar",H000324,1936,2021.0,-0.564,0.157,-1.0145,0.988,84,0,,-0.567,-0.227
117,House,20321,44,13,GA,100,,,"SCOTT, David",S001157,1945,,-0.303,0.169,-18.85612,0.97756,831,6,,-0.428,0.363
117,House,20712,44,4,GA,100,,,"JOHNSON, Hank",J000288,1954,,-0.476,-0.055,-16.923,0.97952,818,8,,-0.428,-0.286
117,House,21123,44,8,GA,200,,,"SCOTT, Austin",S001189,1969,,0.535,0.367,-87.10025,0.89911,819,37,,0.54,0.288
117,House,21513,44,1,GA,200,,,"CARTER, Buddy",C001103,1957,,0.557,0.344,-75.91678,0.90838,790,28,,0.509,0.331
117,House,21514,44,10,GA,200,,,"HICE, Jody Brownlow",H001071,1960,,0.797,-0.242,-131.67576,0.84575,786,64,,0.762,-0.402
117,House,21515,44,11,GA,200,,,"LOUDERMILK, Barry D.",L000583,1963,,0.681,0.02,-119.3995,0.86199,804,65,,0.669,-0.042
117,House,21516,44,12,GA,200,,,"ALLEN, Rick W.",A000372,1951,,0.691,0.275,-125.2642,0.85817,819,65,,0.727,0.202
117,House,21717,44,3,GA,200,,,"FERGUSON, Anderson Drew IV",F000465,1966,,0.585,0.251,-126.81097,0.85768,826,52,,0.577,0.069
117,House,21944,44,6,GA,100,,,"McBATH, Lucy",M001208,1960,,-0.347,0.269,-22.4185,0.97363,839,8,,-0.359,0.306
117,House,22104,44,7,GA,100,,,"BOURDEAUX, Carolyn",B001312,1970,,-0.303,0.463,-34.0652,0.96026,840,12,,-0.303,0.464
117,House,22110,44,9,GA,200,,,"CLYDE, Andrew S.",C001116,1963,,0.82,-0.133,-134.54838,0.8485,819,58,,0.794,-0.156
117,House,22121,44,14,GA,200,,,"GREENE, Marjorie Taylor",G000596,1974,,0.8,-0.6,-98.31362,0.88714,821,40,,0.785,-0.62
117,House,22156,44,5,GA,100,,,"WILLIAMS, Nikema",W000788,1978,,-0.422,-0.419,-13.58331,0.98394,839,6,,-0.39,-0.418
117,House,29339,44,2,GA,100,,,"BISHOP, Sanford Dixon, Jr.",B000490,1947,,-0.287,0.447,-25.3975,0.96997,833,12,,-0.403,0.382
117,House,21997,94,0,GU,100,,,"SAN NICOLAS, Michael",S001204,1981,,-0.41,-0.52,-0.09024,0.99251,12,0,,-0.41,-0.875
117,House,20322,82,1,HI,100,,,"CASE, Ed",C001055,1952,,-0.205,-0.076,-39.54221,0.95353,831,13,,-0.192,0.056
117,House,22128,82,2,HI,100,,,"KAHELE, Kaialiʻi",K000396,1974,,-0.353,0.052,-17.5342,0.97922,835,9,,-0.354,0.052
117,House,21920,63,1,ID,200,,,"FULCHER, Russell",F000469,1962,,0.643,-0.089,-142.74872,0.83526,793,68,,0.651,-0.01
117,House,29910,63,2,ID,200,,,"SIMPSON, Michael K.",S001148,1950,,0.296,0.312,-111.96519,0.8697,802,43,,0.333,0.324
117,House,20749,21,11,IL,100,,,"FOSTER, Bill",F000454,1955,,-0.237,-0.222,-21.99519,0.97406,837,6,,-0.356,-0.066
117,House,20954,21,5,IL,100,,,"QUIGLEY, Mike",Q000023,1958,,-0.326,-0.231,-17.14628,0.9797,836,6,,-0.372,-0.015
117,House,21128,21,16,IL,200,,,"KINZINGER, Adam",K000378,1978,,0.234,0.382,-159.10857,0.74997,553,81,,0.14,0.468
117,House,21326,21,10,IL,100,,,"SCHNEIDER, Brad",S001190,1961,,-0.194,-0.118,-26.78716,0.96847,836,13,,-0.415,0.548
117,House,21328,21,13,IL,200,,,"DAVIS, Rodney",D000619,1970,,0.279,0.17,-95.7811,0.88808,807,38,,0.295,0.154
117,House,21329,21,17,IL,100,,,"BUSTOS, Cheri",B001286,1961,,-0.239,0.054,-25.52481,0.96887,807,11,,-0.263,0.347
117,House,21371,21,2,IL,100,,,"KELLY, Robin L.",K000385,1956,,-0.471,-0.021,-18.72229,0.97788,837,9,,-0.523,-0.057
117,House,21519,21,12,IL,200,,,"BOST, Mike",B001295,1960,,0.398,-0.032,-110.62571,0.87234,810,45,,0.349,0.115
117,House,21562,21,18,IL,200,,,"LaHOOD, Darin",L000585,1968,,0.461,0.217,-68.67731,0.92086,833,25,,0.466,0.317
117,House,21730,21,8,IL,100,,,"KRISHNAMOORTHI, S. Raja",K000391,1973,,-0.339,-0.01,-23.80208,0.97196,837,9,,-0.321,0.11
117,House,21906,21,6,IL,100,,,"CASTEN, Sean",C001117,1971,,-0.646,0.442,-69.27279,0.91871,817,23,,-0.818,0.575
117,House,21921,21,4,IL,100,,,"GARCÍA, Jesús",G000586,1956,,-0.437,-0.879,-25.54625,0.96976,832,10,,-0.437,-0.836
117,House,21979,21,14,IL,100,,,"UNDERWOOD, Lauren",U000040,1986,,-0.602,0.346,-21.66486,0.97451,839,10,,-0.455,0.352
117,House,22138,21,15,IL,200,,,"MILLER, Mary E.",M001211,1959,,0.79,-0.152,-128.87785,0.84496,765,61,,0.792,-0.255
117,House,22144,21,3,IL,100,,,"NEWMAN, Marie",N000192,1964,,-0.588,-0.303,-11.65067,0.98618,837,6,,-0.591,-0.302
117,House,29346,21,1,IL,100,,,"RUSH, Bobby L.",R000515,1946,,-0.479,-0.203,-12.41116,0.98526,836,5,,-0.548,-0.16
117,House,29717,21,7,IL,100,,,"DAVIS, Danny K.",D000096,1941,,-0.486,-0.266,-13.05008,0.98417,818,5,,-0.496,-0.342
117,House,29911,21,9,IL,100,,,"SCHAKOWSKY, Janice D.",S001145,1944,,-0.602,-0.292,-23.31927,0.9723,830,10,,-0.352,-0.472
117,House,20757,22,7,IN,100,,,"CARSON, André",C001072,1974,,-0.434,0.03,-17.55916,0.97922,836,8,,-0.345,-0.082
117,House,21132,22,8,IN,200,,,"BUCSHON, Larry",B001275,1962,,0.38,0.385,-67.30864,0.92147,823,26,,0.414,0.395
117,House,21330,22,2,IN,200,,,"WALORSKI, Jackie",W000813,1963,2022.0,0.436,0.315,-54.20181,0.92748,720,16,,0.477,0.339
117,House,21702,22,3,IN,200,,,"BANKS, James E.",B001299,1979,,0.647,0.013,-126.43203,0.85711,820,60,,0.658,0.034
117,House,21725,22,9,IN,200,,,"HOLLINGSWORTH, Joseph Albert III",H001074,1983,,0.417,-0.243,-155.30678,0.8143,756,65,,0.422,-0.226
117,House,21903,22,4,IN,200,,,"BAIRD, James",B001307,1945,,0.444,0.417,-108.80003,0.87742,832,37,,0.515,0.246
117,House,21952,22,6,IN,200,,,"PENCE, Gregory",P000615,1956,,0.5,0.237,-199.42555,0.77591,786,72,,0.619,0.006
117,House,22142,22,1,IN,100,,,"MRVAN, Frank J.",M001214,1969,,-0.31,0.356,-16.227,0.98078,836,6,,-0.3,0.247
117,House,22151,22,5,IN,200,,,"SPARTZ, Victoria",S000929,1978,,0.487,-0.25,-123.29676,0.86008,818,50,,0.43,0.079
117,House,22171,22,2,IN,200,,,"YAKYM, Rudy, III",Y000067,1984,,0.51,0.137,-8.21765,0.8795,64,2,,0.457,0.503
117,House,21902,31,3,IA,100,,,"AXNE, Cynthia",A000378,1965,,-0.25,0.528,-20.3222,0.97604,838,5,,-0.29,0.439
117,House,22113,31,4,IA,200,,,"FEENSTRA, Randy",F000446,1969,,0.469,0.176,-67.70606,0.9222,836,21,,0.444,0.299
117,House,22124,31,1,IA,200,,,"HINSON, Ashley",H001091,1983,,0.348,0.351,-118.93188,0.8665,830,38,,0.369,0.076
117,House,22139,31,2,IA,200,,,"MILLER-MEEKS, Mariannette",M001215,1955,,0.336,0.193,-86.48603,0.90116,831,43,,0.302,0.364
117,House,21750,32,4,KS,200,,,"ESTES, Ron",E000298,1956,,0.645,0.108,-115.62911,0.8648,796,61,,0.702,0.062
117,House,21914,32,3,KS,100,,,"DAVIDS, Sharice",D000629,1980,,-0.274,0.266,-21.44301,0.97474,838,8,,-0.28,0.359
117,House,22130,32,2,KS,200,,,"LATURNER, Jake",L000266,1988,,0.468,0.445,-52.77531,0.93832,829,19,,0.48,0.432
117,House,22134,32,1,KS,200,,,"MANN, Tracey",M000871,1976,,0.605,0.066,-116.00267,0.87101,840,56,,0.658,0.158
117,House,14854,51,5,KY,200,,,"ROGERS, Harold Dallas (Hal)",R000395,1937,,0.333,0.152,-80.2841,0.90833,835,34,,0.348,0.551
117,House,20723,51,3,KY,100,,,"YARMUTH, John",Y000062,1947,,-0.378,-0.275,-17.65847,0.97654,744,6,,-0.349,-0.357
117,House,20916,51,2,KY,200,,,"GUTHRIE, Brett",G000558,1964,,0.428,0.268,-52.38223,0.9394,838,18,,0.42,0.435
117,House,21333,51,6,KY,200,,,"BARR, Garland H. (Andy) IV",B001282,1973,,0.486,0.301,-72.21837,0.91657,829,30,,0.431,0.36
117,House,21565,51,1,KY,200,,,"COMER, James",C001108,1972,,0.593,-0.062,-150.96543,0.83442,834,78,,0.54,-0.087
117,House,31102,51,4,KY,200,,,"MASSIE, Thomas",M001184,1971,,0.678,-0.735,-182.26251,0.79873,811,75,,0.669,-0.744
117,House,20759,45,1,LA,200,,,"SCALISE, Steve",S001176,1965,,0.558,0.17,-84.64994,0.90065,809,32,,0.533,0.223
117,House,21137,45,2,LA,100,,,"RICHMOND, Cedric",R000588,1973,,-0.486,0.332,-0.00248,0.99982,14,0,,-0.387,-0.04
117,House,21523,45,6,LA,200,,,"GRAVES, Garret",G000577,1972,,0.425,0.049,-100.45104,0.88549,826,38,,0.393,0.313
117,House,21724,45,3,LA,200,,,"HIGGINS, Clay",H001077,1961,,0.622,-0.312,-194.37058,0.77143,749,93,,0.648,-0.394
117,House,21727,45,4,LA,200,,,"JOHNSON, Mike",J000299,1972,,0.566,0.018,-109.04131,0.87361,807,50,,0.588,0.139
117,House,22157,45,5,LA,200,,,"LETLOW, Julia",L000595,1981,,0.425,0.355,-59.93063,0.92251,743,19,,0.416,0.534
117,House,22158,45,2,LA,100,,,"CARTER, Troy",C001125,1963,,-0.529,0.243,-21.33237,0.97073,718,11,,-0.38,0.164
117,House,20920,2,1,ME,100,,,"PINGREE, Chellie",P000597,1955,,-0.421,-0.367,-23.78317,0.97202,838,9,,-0.384,-0.15
117,House,21923,2,2,ME,100,,,"GOLDEN, Jared",G000592,1982,,-0.102,0.356,-119.09177,0.86389,814,50,,-0.11,0.358
117,House,14873,52,5,MD,100,,,"HOYER, Steny Hamilton",H000874,1939,,-0.382,0.122,-15.56407,0.98124,822,6,,-0.456,0.356
117,House,15433,52,7,MD,100,,,"MFUME, Kweisi",M000687,1948,,-0.444,-0.331,-16.45071,0.98016,821,4,,-0.429,-0.21
117,House,20329,52,2,MD,100,,,"RUPPERSBERGER, C. A. (Dutch)",R000576,1946,,-0.299,0.12,-18.65823,0.9778,831,9,,-0.316,0.087
117,House,20724,52,3,MD,100,,,"SARBANES, John",S001168,1962,,-0.466,-0.078,-14.89927,0.98236,837,6,,-0.414,-0.098
117,House,21139,52,1,MD,200,,,"HARRIS, Andy",H001052,1957,,0.672,-0.373,-159.31064,0.82343,820,76,,0.741,-0.331
117,House,21707,52,4,MD,100,,,"BROWN, Anthony Gregory",B001304,1961,,-0.344,-0.063,-27.01327,0.96786,827,15,,-0.511,0.323
117,House,21741,52,8,MD,100,,,"RASKIN, Jamie Ben",R000606,1962,,-0.513,-0.235,-14.56418,0.98259,829,6,,-0.377,-0.435
117,House,21978,52,6,MD,100,,,"TRONE, David",T000483,1955,,-0.348,0.23,-25.0884,0.97033,833,10,,-0.319,0.401
117,House,15616,3,1,MA,100,,,"NEAL, Richard Edmund",N000015,1949,,-0.418,-0.107,-16.59361,0.9803,834,7,,-0.41,0.057
117,House,20119,3,8,MA,100,,,"LYNCH, Stephen F.",L000562,1955,,-0.346,0.051,-17.94129,0.97872,834,7,,-0.29,0.036
117,House,21140,3,9,MA,100,,,"KEATING, William R.",K000375,1952,,-0.332,-0.098,-18.09633,0.9782,821,8,,-0.335,0.113
117,House,21375,3,5,MA,100,,,"CLARK, Katherine M.",C001101,1963,,-0.484,-0.27,-11.50326,0.98633,836,5,,-0.464,-0.3
117,House,21525,3,6,MA,100,,,"MOULTON, Seth",M001196,1978,,-0.283,-0.04,-34.9408,0.95916,838,11,,-0.225,-0.066
117,House,21955,3,7,MA,100,,,"PRESSLEY, Ayanna",P000617,1974,,-0.349,-0.937,-28.7524,0.96615,835,9,,-0.747,-0.665
117,House,21977,3,3,MA,100,,,"TRAHAN, Lori",T000482,1973,,-0.42,-0.137,-15.11556,0.98215,839,8,,-0.457,-0.062
117,House,22100,3,4,MA,100,,,"AUCHINCLOSS, Jake",A000148,1988,,-0.308,-0.266,-28.23415,0.96683,837,8,,-0.323,-0.46
117,House,29729,3,2,MA,100,,,"McGOVERN, James P.",M000312,1959,,-0.538,-0.338,-14.13293,0.98318,833,6,,-0.496,-0.558
117,House,15446,23,6,MI,200,,,"UPTON, Frederick Stephen",U000031,1953,,0.32,-0.355,-208.10778,0.78033,839,106,,0.205,-0.027
117,House,20725,23,7,MI,200,,,"WALBERG, Tim",W000798,1951,,0.499,0.158,-98.41038,0.8887,834,31,,0.485,0.209
117,House,21142,23,2,MI,200,,,"HUIZENGA, Bill",H001058,1969,,0.533,0.042,-113.81688,0.87171,829,44,,0.494,0.068
117,House,21372,23,5,MI,100,,,"KILDEE, Dan",K000380,1958,,-0.359,-0.183,-21.56786,0.97459,838,8,,-0.266,-0.279
117,House,21526,23,4,MI,200,,,"MOOLENAAR, John",M001194,1961,,0.448,0.162,-126.31656,0.86038,840,57,,0.511,0.064
117,House,21529,23,12,MI,100,,,"DINGELL, Debbie",D000624,1953,,-0.4,-0.189,-21.68716,0.97433,834,6,,-0.371,-0.178
117,House,21530,23,14,MI,100,,,"LAWRENCE, Brenda L",L000581,1954,,-0.448,-0.039,-17.19258,0.97969,838,8,,-0.51,-0.08
117,House,21704,23,1,MI,200,,,"BERGMAN, John",B001301,1947,,0.432,0.08,-88.23297,0.89927,831,29,,0.441,0.177
117,House,21940,23,9,MI,100,,,"LEVIN, Andy",L000592,1960,,-0.474,-0.563,-15.6005,0.98158,839,3,,-0.428,-0.572
117,House,21965,23,8,MI,100,,,"SLOTKIN, Elissa",S001208,1976,,-0.316,0.686,-67.31607,0.92025,810,19,,-0.34,0.94
117,House,21972,23,11,MI,100,,,"STEVENS, Haley",S001215,1983,,-0.388,0.261,-21.53901,0.97468,840,9,,-0.366,0.262
117,House,21975,23,13,MI,100,,,"TLAIB, Rashida",T000481,1976,,-0.29,-0.957,-49.11043,0.94248,829,21,,-0.27,-0.963
117,House,22136,23,10,MI,200,,,"MCCLAIN, Lisa C.",M001136,1966,,0.551,0.149,-133.63705,0.85227,836,54,,0.558,0.088
117,House,22137,23,3,MI,200,,,"MEIJER, Peter",M001186,1988,,0.245,0.213,-116.1168,0.87032,836,51,,0.241,0.22
117,House,20122,33,4,MN,100,,,"McCOLLUM, Betty",M001143,1954,,-0.419,-0.185,-24.45803,0.97113,835,11,,-0.357,-0.158
117,House,21531,33,6,MN,200,,,"EMMER, Thomas Earl II",E000294,1961,,0.467,-0.072,-131.62963,0.85103,816,48,,0.443,-0.057
117,House,21910,33,2,MN,100,,,"CRAIG, Angela",C001119,1972,,-0.263,0.6,-34.57098,0.95949,836,13,,-0.271,0.644
117,House,21929,33,1,MN,200,,,"HAGEDORN, Jim",H001088,1962,2022.0,0.477,0.345,-20.96589,0.94856,397,8,,0.531,0.362
117,House,21950,33,5,MN,100,,,"OMAR, Ilhan",O000173,1982,,-0.296,-0.955,-37.12533,0.95631,831,14,,-0.981,-0.192
117,House,21953,33,3,MN,100,,,"PHILLIPS, Dean",P000616,1969,,-0.277,0.167,-29.7461,0.96504,836,14,,-0.462,0.624
117,House,21969,33,8,MN,200,,,"STAUBER, Peter",S001212,1966,,0.383,-0.096,-125.12902,0.86021,831,59,,0.385,-0.058
117,House,22114,33,7,MN,200,,,"FISCHBACH, Michelle",F000470,1965,,0.538,-0.028,-90.12947,0.89826,840,35,,0.52,0.186
117,House,22167,33,1,MN,200,,,"FINSTAD, Brad",F000475,1976,,0.547,-0.044,-24.68827,0.8068,115,9,,0.548,0.17
117,House,21148,46,4,MS,200,,,"PALAZZO, Steven",P000601,1970,,0.535,0.45,-99.37958,0.88573,819,46,,0.577,0.25
117,House,21561,46,1,MS,200,,,"KELLY, Trent",K000388,1966,,0.638,0.295,-75.80233,0.91262,829,24,,0.643,0.424
117,House,21927,46,3,MS,200,,,"GUEST, Michael",G000591,1970,,0.53,0.126,-85.29125,0.89463,766,40,,0.588,0.207
117,House,29368,46,2,MS,100,,,"THOMPSON, Bennie",T000193,1948,,-0.518,0.39,-24.59994,0.97111,839,11,,-0.515,0.32
117,House,20124,34,6,MO,200,,,"GRAVES, Samuel",G000546,1963,,0.448,0.164,-70.60366,0.91901,836,26,,0.461,0.542
117,House,20517,34,5,MO,100,,,"CLEAVER, Emanuel, II",C001061,1944,,-0.453,-0.0,-14.90503,0.98233,836,6,,-0.456,0.076
117,House,20926,34,3,MO,200,,,"LUETKEMEYER, Blaine",L000569,1952,,0.45,0.247,-90.96024,0.89525,822,31,,0.489,0.303
117,House,21149,34,4,MO,200,,,"HARTZLER, Vicky",H001053,1960,,0.478,0.229,-131.29064,0.84116,759,51,,0.499,0.032
117,House,21150,34,7,MO,200,,,"LONG, Billy",L000576,1955,,0.544,0.244,-90.26395,0.8966,827,37,,0.531,0.314
117,House,21337,34,2,MO,200,,,"WAGNER, Ann",W000812,1962,,0.39,0.297,-76.39884,0.91257,835,24,,0.374,0.224
117,House,21373,34,8,MO,200,,,"SMITH, Jason",S001195,1980,,0.577,0.209,-86.8573,0.89984,823,37,,0.559,0.46
117,House,22106,34,1,MO,100,,,"BUSH, Cori",B001224,1976,,-0.247,-0.969,-66.90226,0.92274,832,28,,-0.246,-0.969
117,House,22148,64,1,MT,200,,,"ROSENDALE, Matthew M., Sr.",R000103,1960,,0.753,-0.658,-133.39241,0.84936,817,55,,0.764,-0.527
117,House,20518,35,1,NE,200,,,"FORTENBERRY, Jeff",F000449,1960,,0.304,-0.061,-53.88885,0.88373,436,21,,0.347,-0.056
117,House,20729,35,3,NE,200,,,"SMITH, Adrian",S001172,1970,,0.511,0.251,-68.45059,0.9201,822,27,,0.538,0.67
117,House,21701,35,2,NE,200,,,"BACON, Donald J.",B001298,1963,,0.286,0.189,-149.9411,0.83617,838,60,,0.279,0.002
117,House,22166,35,1,NE,200,,,"FLOOD, Mike",F000474,1975,,0.461,0.759,-19.24428,0.91906,228,7,,0.495,0.868
117,House,20927,65,1,NV,100,,,"TITUS, Alice (Dina)",T000468,1950,,-0.298,-0.165,-16.67741,0.9802,834,5,,-0.418,-0.084
117,House,21196,65,2,NV,200,,,"AMODEI, Mark E.",A000369,1958,,0.385,0.21,-89.45613,0.89794,831,38,,0.379,0.166
117,House,21339,65,4,NV,100,,,"HORSFORD, Steven",H001066,1973,,-0.322,0.145,-38.66417,0.95454,831,16,,-0.381,0.292
117,House,21938,65,3,NV,100,,,"LEE, Susie",L000590,1966,,-0.232,0.314,-29.24255,0.96554,834,9,,-0.256,0.447
117,House,21340,4,2,NH,100,,,"KUSTER, Ann McLane",K000382,1956,,-0.264,-0.086,-22.16284,0.97387,837,11,,-0.357,0.284
117,House,21951,4,1,NH,100,,,"PAPPAS, Chris",P000614,1980,,-0.238,0.351,-25.2536,0.97028,837,9,,-0.259,0.48
117,House,14863,12,4,NJ,200,,,"SMITH, Christopher Henry",S000522,1953,,0.18,-0.174,-207.49619,0.7781,827,92,,0.278,-0.188
117,House,15454,12,6,NJ,100,,,"PALLONE, Frank, Jr.",P000034,1951,,-0.402,-0.162,-19.45815,0.97707,839,7,,-0.362,-0.407
117,House,20542,12,8,NJ,100,,,"SIRES, Albio",S001165,1951,,-0.404,0.098,-30.74493,0.96372,832,10,,-0.358,0.116
117,House,21536,12,1,NJ,100,,,"NORCROSS, Donald",N000188,1958,,-0.42,0.342,-16.98629,0.97955,822,6,,-0.454,0.458
117,House,21538,12,12,NJ,100,,,"WATSON COLEMAN, Bonnie",W000822,1945,,-0.595,-0.223,-20.19863,0.97624,840,8,,-0.427,-0.481
117,House,21723,12,5,NJ,100,,,"GOTTHEIMER, Josh S.",G000583,1975,,-0.161,0.211,-42.48898,0.95027,833,12,,-0.209,0.362
117,House,21937,12,3,NJ,100,,,"KIM, Andy",K000394,1982,,-0.365,0.188,-24.56566,0.97114,839,13,,-0.461,0.427
117,House,21942,12,7,NJ,100,,,"MALINOWSKI, Tomaz",M001203,1965,,-0.272,0.121,-48.48107,0.94359,835,23,,-0.318,0.214
117,House,21964,12,11,NJ,100,,,"SHERRILL, Mikie",S001207,1972,,-0.233,0.249,-33.00325,0.96046,818,9,,-0.283,0.508
117,House,29741,12,9,NJ,100,,,"PASCRELL, William J., Jr.",P000096,1937,2024.0,-0.369,-0.004,-15.6835,0.98119,826,4,,-0.409,-0.006
117,House,31103,12,10,NJ,100,,,"PAYNE, Donald, Jr.",P000604,1958,2024.0,-0.52,-0.096,-16.53558,0.98046,838,7,,-0.595,-0.203
117,House,91980,12,2,NJ,200,,,"VAN DREW, Jefferson",V000133,1953,,0.382,-0.445,-245.46057,0.74398,830,116,,0.401,-0.507
117,House,21928,66,1,NM,100,,,"HAALAND, Debra",H001080,1960,,-0.332,-0.233,-1.32643,0.98149,71,1,,-0.567,-0.214
117,House,22123,66,2,NM,200,,,"HERRELL, Yvette",H001084,1964,,0.936,0.352,-165.92091,0.81601,816,80,,0.739,0.13
117,House,22131,66,3,NM,100,,,"LEGER FERNANDEZ, Teresa",L000273,1959,,-0.357,-0.189,-14.77958,0.98246,835,6,,-0.39,-0.19
117,House,22159,66,1,NM,100,,,"STANSBURY, Melanie Ann",S001218,1979,,-0.456,-0.183,-13.37172,0.98092,694,6,,-0.455,-0.211
117,House,20519,13,26,NY,100,,,"HIGGINS, Brian",H001038,1959,,-0.348,-0.032,-14.52313,0.98272,833,6,,-0.44,0.053
117,House,20733,13,9,NY,100,,,"CLARKE, Yvette Diane",C001067,1964,,-0.607,-0.257,-13.24274,0.98413,828,5,,-0.483,-0.491
117,House,20934,13,20,NY,100,,,"TONKO, Paul",T000469,1949,,-0.415,-0.262,-10.8963,0.98707,837,2,,-0.451,-0.205
117,House,21101,13,23,NY,200,,,"REED, Thomas W. II",R000585,1971,,0.269,0.12,-80.56808,0.84636,483,32,,0.227,0.152
117,House,21342,13,6,NY,100,,,"MENG, Grace",M001188,1975,,-0.372,-0.207,-19.64879,0.97677,836,8,,-0.464,-0.459
117,House,21343,13,8,NY,100,,,"JEFFRIES, Hakeem",J000294,1970,,-0.487,-0.065,-10.80103,0.98716,836,4,,-0.491,-0.139
117,House,21344,13,18,NY,100,,,"MALONEY, Sean Patrick",M001185,1966,,-0.239,0.114,-20.95984,0.97512,832,8,,-0.261,-0.002
117,House,21539,13,1,NY,200,,,"ZELDIN, Lee M",Z000017,1980,,0.397,-0.129,-94.07439,0.87971,734,40,,0.435,-0.087
117,House,21540,13,4,NY,100,,,"RICE, Kathleen Maura",R000602,1965,,-0.28,0.039,-47.01193,0.94375,812,16,,-0.215,0.081
117,House,21541,13,21,NY,200,,,"STEFANIK, Elise M",S001196,1984,,0.305,-0.116,-115.82618,0.87033,834,46,,0.394,0.313
117,House,21542,13,24,NY,200,,,"KATKO, John",K000386,1962,,0.185,0.013,-145.64636,0.83923,831,64,,0.161,-0.043
117,House,21715,13,13,NY,100,,,"ESPAILLAT, Adriano J.",E000297,1954,,-0.536,-0.207,-18.92429,0.97764,837,7,,-0.533,-0.523
117,House,21747,13,3,NY,100,,,"SUOZZI, Thomas",S001201,1962,,-0.222,0.132,-20.35675,0.97574,829,7,,-0.315,0.188
117,House,21749,13,22,NY,200,,,"TENNEY, Claudia",T000478,1961,,0.463,0.007,-140.1726,0.84145,812,57,,0.506,0.015
117,House,21761,13,25,NY,100,,,"MORELLE, Joseph D.",M001206,1957,,-0.332,0.158,-15.69128,0.98138,835,5,,-0.41,0.353
117,House,21916,13,19,NY,100,,,"DELGADO, Antonio",D000630,1977,,-0.233,0.277,-11.88706,0.97858,549,5,,-0.29,0.53
117,House,21949,13,14,NY,100,,,"OCASIO-CORTEZ, Alexandria",O000172,1989,,-0.316,-0.949,-47.7574,0.94409,830,20,,-0.298,-0.955
117,House,21990,13,27,NY,200,,,"JACOBS, Chris",J000020,1966,,0.306,0.049,-140.83774,0.84393,830,52,,0.309,0.051
117,House,22105,13,16,NY,100,,,"BOWMAN, Jamaal",B001223,1976,,-0.357,-0.934,-39.40398,0.95363,830,15,,-0.981,-0.192
117,House,22117,13,2,NY,200,,,"GARBARINO, Andrew R.",G000597,1984,,0.244,0.236,-97.18641,0.88925,828,43,,0.286,0.067
117,House,22127,13,17,NY,100,,,"JONES, Mondaire",J000306,1987,,-0.414,-0.533,-14.2568,0.98301,832,6,,-0.414,-0.535
117,House,22133,13,11,NY,200,,,"MALLIOTAKIS, Nicole",M000317,1980,,0.339,-0.08,-141.11605,0.84434,834,64,,0.299,0.028
117,House,22154,13,15,NY,100,,,"TORRES, Ritchie",T000486,1988,,-0.307,-0.107,-27.69794,0.96718,830,10,,-0.537,-0.318
117,House,22169,13,19,NY,100,,,"RYAN, Patrick",R000579,1982,,-0.245,0.279,-0.2962,0.99743,115,0,,-0.365,0.372
117,House,22170,13,23,NY,200,,,"SEMPOLINSKI, Joseph",S001219,1983,,0.545,0.047,-29.71059,0.77232,115,16,,0.529,0.092
117,House,29377,13,10,NY,100,,,"NADLER, Jerrold Lewis",N000002,1947,,-0.507,-0.479,-13.84288,0.9833,822,5,,-0.488,-0.356
117,House,29378,13,7,NY,100,,,"VELÁZQUEZ, Nydia M.",V000081,1953,,-0.546,-0.367,-12.71949,0.98486,834,5,,-0.47,-0.498
117,House,29379,13,12,NY,100,,,"MALONEY, Carolyn Bosher",M000087,1946,,-0.387,-0.285,-15.25203,0.98186,833,7,,-0.417,-0.374
117,House,29776,13,5,NY,100,,,"MEEKS, Gregory W.",M001137,1953,,-0.416,-0.063,-12.51199,0.985,828,4,,-0.489,0.096
117,House,15438,47,4,NC,100,,,"PRICE, David Eugene",P000523,1940,,-0.343,-0.03,-12.32371,0.98492,811,3,,-0.456,0.113
117,House,20340,47,1,NC,100,,,"BUTTERFIELD, George Kenneth, Jr. (G.K.)",B001251,1947,,-0.404,0.184,-16.50003,0.98025,827,5,,-0.483,0.347
117,House,20521,47,5,NC,200,,,"FOXX, Virginia Ann",F000450,1943,,0.623,0.173,-124.85414,0.85517,798,45,,0.624,0.23
117,House,20522,47,10,NC,200,,,"McHENRY, Patrick T.",M001156,1975,,0.524,0.156,-127.0622,0.85331,801,53,,0.408,0.162
117,House,21346,47,8,NC,200,,,"HUDSON, Richard",H001067,1971,,0.523,0.211,-102.46076,0.88387,830,38,,0.424,0.211
117,House,21544,47,7,NC,200,,,"ROUZER, David",R000603,1972,,0.566,0.289,-100.05657,0.88707,835,44,,0.551,0.287
117,House,21545,47,12,NC,100,,,"ADAMS, Alma",A000370,1946,,-0.463,-0.005,-15.54263,0.98156,835,8,,-0.466,0.094
117,House,21708,47,13,NC,200,,,"BUDD, Theodore Paul",B001305,1971,,0.633,-0.075,-155.00701,0.8144,755,70,,0.595,-0.09
117,House,21986,47,9,NC,200,,,"BISHOP, Dan",B001311,1964,,0.703,-0.366,-147.36176,0.83533,819,64,,0.697,-0.366
117,House,21987,47,3,NC,200,,,"MURPHY, Gregory Francis",M001210,1963,,0.486,0.126,-144.14287,0.83808,816,50,,0.474,-0.006
117,House,22109,47,11,NC,200,,,"CAWTHORN, Madison",C001104,1995,,0.555,-0.243,-172.26812,0.8082,809,84,,0.554,-0.246
117,House,22135,47,6,NC,100,,,"MANNING, Kathy E.",M001135,1956,,-0.276,0.348,-18.55846,0.9781,838,7,,-0.276,0.194
117,House,22149,47,2,NC,100,,,"ROSS, Deborah K.",R000305,1963,,-0.407,0.033,-17.31773,0.97957,839,10,,-0.408,0.267
117,House,21901,36,1,ND,200,,,"ARMSTRONG, Kelly",A000377,1976,,0.449,0.064,-123.99985,0.85642,800,46,,0.471,-0.04
117,House,21996,95,0,MP,100,,,"SABLAN, Gregorio Kilili Camacho",S001177,1955,,-0.419,-0.252,-0.16061,0.98859,14,0,,-0.411,-0.874
117,House,15029,24,9,OH,100,,,"KAPTUR, Marcia Carolyn (Marcy)",K000009,1946,,-0.346,0.13,-16.4648,0.98036,830,5,,-0.306,0.004
117,House,20342,24,10,OH,200,,,"TURNER, Michael R.",T000463,1960,,0.267,0.254,-98.6646,0.88689,822,43,,0.304,0.344
117,House,20343,24,13,OH,100,,,"RYAN, Timothy J.",R000577,1973,,-0.402,0.208,-14.35051,0.98286,830,6,,-0.358,-0.006
117,House,20738,24,4,OH,200,,,"JORDAN, Jim",J000289,1964,,0.714,-0.189,-116.31975,0.8673,817,37,,0.74,-0.123
117,House,20755,24,5,OH,200,,,"LATTA, Robert E.",L000566,1956,,0.509,0.284,-66.35352,0.92405,840,25,,0.481,0.289
117,House,20941,24,11,OH,100,,,"FUDGE, Marcia L.",F000455,1952,,-0.581,0.14,-1.13895,0.97913,54,1,,-0.295,0.196
117,House,21162,24,6,OH,200,,,"JOHNSON, Bill",J000292,1954,,0.436,0.235,-88.41385,0.89976,837,35,,0.391,0.205
117,House,21163,24,15,OH,200,,,"STIVERS, Steve",S001187,1965,,0.3,0.269,-11.4027,0.90714,117,7,,0.283,0.201
117,House,21165,24,7,OH,200,,,"GIBBS, Bob",G000563,1954,,0.484,0.284,-88.3757,0.89429,791,35,,0.524,0.199
117,House,21351,24,2,OH,200,,,"WENSTRUP, Brad",W000815,1958,,0.527,0.289,-81.33738,0.90687,832,34,,0.475,0.314
117,House,21352,24,3,OH,100,,,"BEATTY, Joyce",B001281,1950,,-0.436,0.011,-16.28521,0.98073,837,7,,-0.572,-0.047
117,House,21353,24,14,OH,200,,,"JOYCE, David",J000295,1957,,0.251,0.315,-78.75995,0.90968,832,32,,0.254,0.281
117,House,21564,24,8,OH,200,,,"DAVIDSON, Warren",D000626,1970,,0.656,-0.359,-200.54153,0.78513,829,91,,0.617,-0.394
117,House,21759,24,12,OH,200,,,"BALDERSON, Troy",B001306,1962,,0.46,0.2,-74.52807,0.91422,831,29,,0.42,0.228
117,House,21924,24,16,OH,200,,,"GONZALEZ, Anthony",G000588,1984,,0.24,0.315,-107.85637,0.87283,793,54,,0.208,0.295
117,House,22161,24,11,OH,100,,,"BROWN, Shontel  M.",B001313,1975,,-0.445,-0.121,-5.90913,0.98881,525,3,,-0.463,-0.046
117,House,22162,24,15,OH,200,,,"CAREY, Mike",C001126,1971,,0.407,-0.001,-81.00771,0.85651,523,36,,0.409,-0.037
117,House,29550,24,1,OH,200,,,"CHABOT, Steve",C000266,1953,,0.542,-0.137,-150.48122,0.83563,838,65,,0.392,0.258
117,House,20344,53,4,OK,200,,,"COLE, Tom",C001053,1949,,0.323,0.412,-79.67569,0.90899,835,33,,0.309,0.501
117,House,21355,53,2,OK,200,,,"MULLIN, Markwayne",M001190,1977,,0.534,0.247,-115.82284,0.86646,808,56,,0.579,0.129
117,House,21760,53,1,OK,200,,,"HERN, Kevin",H001082,1961,,0.682,-0.059,-118.76047,0.86502,819,47,,0.695,-0.092
117,House,22102,53,5,OK,200,,,"BICE, Stephanie I.",B000740,1973,,0.412,0.325,-68.92511,0.92104,838,29,,0.408,0.434
117,House,29393,53,3,OK,200,,,"LUCAS, Frank D.",L000491,1960,,0.361,0.452,-61.62633,0.92743,818,25,,0.412,0.517
117,House,15410,72,4,OR,100,,,"DeFAZIO, Peter Anthony",D000191,1947,,-0.427,-0.002,-28.36461,0.96628,827,10,,-0.269,-0.412
117,House,20944,72,5,OR,100,,,"SCHRADER, Kurt",S001180,1951,,-0.182,0.054,-141.4911,0.84275,827,45,,-0.12,0.022
117,House,21198,72,1,OR,100,,,"BONAMICI, Suzanne",B001278,1954,,-0.397,-0.417,-11.44966,0.98646,840,5,,-0.41,-0.45
117,House,22101,72,2,OR,200,,,"BENTZ, Cliff",B000668,1952,,0.479,0.26,-75.51359,0.91383,838,30,,0.478,0.332
117,House,29588,72,3,OR,100,,,"BLUMENAUER, Earl",B000574,1948,,-0.426,-0.626,-16.01336,0.98091,831,7,,-0.37,-0.556
117,House,20946,14,15,PA,200,,,"THOMPSON, Glenn",T000467,1959,,0.335,0.334,-74.47228,0.91368,825,27,,0.355,0.513
117,House,21167,14,16,PA,200,,,"KELLY, Mike",K000376,1948,,0.377,0.396,-71.27699,0.91799,833,26,,0.438,0.319
117,House,21356,14,10,PA,200,,,"PERRY, Scott",P000605,1962,,0.68,-0.479,-145.11527,0.8387,825,62,,0.776,-0.447
117,House,21358,14,8,PA,100,,,"CARTWRIGHT, Matt",C001090,1961,,-0.344,0.042,-25.37187,0.96927,813,13,,-0.243,0.011
117,House,21548,14,2,PA,100,,,"BOYLE, Brendan Francis",B001296,1977,,-0.383,0.153,-20.93514,0.97527,836,8,,-0.474,0.243
117,House,21566,14,3,PA,100,,,"EVANS, Dwight",E000296,1954,,-0.466,-0.156,-15.9587,0.98111,837,7,,-0.555,-0.055
117,House,21718,14,1,PA,200,,,"FITZPATRICK, Brian K.",F000466,1973,,0.138,-0.098,-139.32498,0.84699,839,41,,0.137,-0.19
117,House,21745,14,11,PA,200,,,"SMUCKER, Lloyd K.",S001199,1964,,0.453,0.133,-83.38973,0.90463,832,31,,0.449,0.228
117,House,21756,14,17,PA,100,,,"LAMB, Conor",L000588,1984,,-0.143,0.212,-29.46819,0.96541,837,3,,-0.23,0.286
117,House,21762,14,5,PA,100,,,"SCANLON, Mary Gay",S001205,1959,,-0.441,-0.22,-17.7717,0.97889,833,9,,-0.378,-0.141
117,House,21763,14,7,PA,100,,,"WILD, Susan",W000826,1957,,-0.261,0.305,-45.50671,0.94677,832,19,,-0.209,0.143
117,House,21915,14,4,PA,100,,,"DEAN, Madeleine",D000631,1959,,-0.444,-0.073,-10.85825,0.98713,838,3,,-0.39,-0.11
117,House,21934,14,6,PA,100,,,"HOULAHAN, Christina",H001085,1967,,-0.26,0.244,-22.49343,0.97345,836,9,,-0.284,0.335
117,House,21936,14,13,PA,200,,,"JOYCE, John",J000302,1957,,0.575,-0.015,-144.7384,0.8412,837,64,,0.595,0.024
117,House,21945,14,9,PA,200,,,"MEUSER, Dan",M001204,1964,,0.492,0.192,-97.44239,0.88821,822,38,,0.428,0.111
117,House,21956,14,14,PA,200,,,"RESCHENTHALER, Guy",R000610,1983,,0.444,0.056,-86.08684,0.90204,835,34,,0.374,0.367
117,House,21985,14,12,PA,200,,,"KELLER, Fred",K000395,1965,,0.498,0.171,-87.31005,0.90106,838,35,,0.496,0.211
117,House,29561,14,18,PA,100,,,"DOYLE, Michael F.",D000482,1953,,-0.331,0.099,-39.28662,0.95001,766,15,,-0.384,-0.472
117,House,21992,92,0,PR,200,,,"GONZÁLEZ-CÓLON, Jenniffer",G000582,1976,,0.221,0.456,-4.58897,0.72052,14,3,,0.176,0.984
117,House,20136,5,2,RI,100,,,"LANGEVIN, James",L000559,1964,,-0.375,0.114,-19.96026,0.97638,835,8,,-0.353,0.23
117,House,21172,5,1,RI,100,,,"CICILLINE, David N.",C001084,1961,,-0.389,-0.262,-23.18,0.97256,833,9,,-0.312,-0.174
117,House,20138,48,2,SC,200,,,"WILSON, Addison Graves (Joe)",W000795,1947,,0.53,0.161,-92.44704,0.89239,812,37,,0.485,0.477
117,House,21174,48,3,SC,200,,,"DUNCAN, Jeff",D000615,1966,,0.695,-0.095,-156.7042,0.82566,818,81,,0.657,0.042
117,House,21359,48,7,SC,200,,,"RICE, Tom",R000597,1957,,0.558,-0.217,-216.26018,0.77062,830,91,,0.48,-0.194
117,House,21753,48,5,SC,200,,,"NORMAN, Ralph",N000190,1953,,0.846,-0.383,-74.09334,0.91165,801,25,,0.889,-0.457
117,House,21974,48,4,SC,200,,,"TIMMONS, William",T000480,1984,,0.599,0.056,-96.3468,0.89115,836,41,,0.588,0.269
117,House,22132,48,1,SC,200,,,"MACE, Nancy",M000194,1977,,0.338,-0.284,-222.18541,0.76539,831,87,,0.378,-0.219
117,House,39301,48,6,SC,100,,,"CLYBURN, James Enos",C000537,1940,,-0.466,0.247,-13.61494,0.98369,828,5,,-0.536,0.281
117,House,21935,37,1,SD,200,,,"JOHNSON, Dustin",J000301,1976,,0.465,0.138,-83.39285,0.90495,835,30,,0.403,0.361
117,House,15019,54,5,TN,100,,,"COOPER, James Hayes Shofner",C000754,1954,,-0.164,-0.033,-32.97128,0.9611,831,14,,-0.359,0.138
117,House,20748,54,9,TN,100,,,"COHEN, Stephen",C001068,1949,,-0.392,-0.294,-29.28401,0.96525,828,13,,-0.303,-0.409
117,House,21178,54,3,TN,200,,,"FLEISCHMANN, Chuck",F000459,1962,,0.432,0.392,-109.38988,0.8779,840,48,,0.497,0.177
117,House,21179,54,4,TN,200,,,"DESJARLAIS, Scott",D000616,1964,,0.579,-0.051,-135.76066,0.84961,833,61,,0.57,-0.013
117,House,21731,54,8,TN,200,,,"KUSTOFF, David",K000392,1966,,0.542,0.343,-74.82117,0.91409,833,30,,0.555,0.389
117,House,21905,54,2,TN,200,,,"BURCHETT, Timothy",B001309,1964,,0.665,-0.423,-147.82297,0.83319,810,61,,0.652,-0.353
117,House,21926,54,7,TN,200,,,"GREEN, Mark",G000590,1964,,0.669,0.015,-139.99371,0.84199,814,71,,0.65,-0.026
117,House,21959,54,6,TN,200,,,"ROSE, John",R000612,1965,,0.667,0.115,-119.07876,0.86313,809,55,,0.679,0.087
117,House,22122,54,1,TN,200,,,"HARSHBARGER, Diana",H001086,1960,,0.676,-0.085,-141.25059,0.84403,833,67,,0.689,0.074
117,House,20355,49,26,TX,200,,,"BURGESS, Michael C.",B001248,1950,,0.565,-0.164,-154.97963,0.82663,814,67,,0.582,-0.143
117,House,20356,49,31,TX,200,,,"CARTER, John R.",C001051,1941,,0.486,0.553,-152.743,0.83191,830,59,,0.614,0.475
117,House,20527,49,1,TX,200,,,"GOHMERT, Louie",G000552,1953,,0.644,-0.406,-173.10977,0.803,789,86,,0.678,-0.496
117,House,20529,49,9,TX,100,,,"GREEN, Al",G000553,1947,,-0.444,0.264,-29.83984,0.96498,837,15,,-0.389,-0.282
117,House,20530,49,10,TX,200,,,"McCAUL, Michael T.",M001157,1962,,0.411,0.172,-84.03204,0.90271,821,34,,0.349,0.409
117,House,20533,49,28,TX,100,,,"CUELLAR, Henry",C001063,1955,,-0.226,0.63,-75.60767,0.91373,838,30,,-0.287,0.684
117,House,21360,49,14,TX,200,,,"WEBER, Randy",W000814,1953,,0.725,0.02,-134.66305,0.84787,816,60,,0.82,0.179
117,House,21362,49,20,TX,100,,,"CASTRO, Joaquin",C001091,1974,,-0.399,-0.123,-13.38669,0.9841,835,4,,-0.434,-0.269
117,House,21364,49,25,TX,200,,,"WILLIAMS, Roger",W000816,1949,,0.596,0.052,-89.11313,0.8923,782,32,,0.587,0.182
117,House,21365,49,33,TX,100,,,"VEASEY, Marc",V000131,1971,,-0.408,0.346,-22.79464,0.97297,832,11,,-0.311,0.157
117,House,21366,49,34,TX,100,,,"VELA, Filemon",V000132,1963,,-0.311,0.407,-11.96004,0.97336,443,6,,-0.224,0.161
117,House,21551,49,36,TX,200,,,"BABIN, Brian",B001291,1948,,0.711,0.108,-121.58212,0.86359,829,60,,0.727,0.106
117,House,21700,49,19,TX,200,,,"ARRINGTON, Jodey Cook",A000375,1972,,0.643,-0.004,-141.05368,0.83399,777,65,,0.671,-0.042
117,House,21722,49,15,TX,100,,,"GONZALEZ, Vicente Jr.",G000581,1967,,-0.382,0.817,-48.56102,0.94174,809,17,,-0.29,0.468
117,House,21758,49,27,TX,200,,,"CLOUD, Michael",C001115,1975,,0.686,-0.36,-137.142,0.84407,809,60,,0.714,-0.282
117,House,21900,49,32,TX,100,,,"ALLRED, Colin",A000376,1983,,-0.422,0.723,-15.74359,0.98123,831,4,,-0.399,0.495
117,House,21911,49,2,TX,200,,,"CRENSHAW, Daniel",C001120,1984,,0.434,0.275,-109.46223,0.87489,819,40,,0.447,0.121
117,House,21917,49,16,TX,100,,,"ESCOBAR, Veronica",E000299,1969,,-0.487,-0.259,-63.36199,0.92693,835,19,,-0.529,-0.525
117,House,21919,49,7,TX,100,,,"FLETCHER, Elizabeth",F000468,1975,,-0.497,0.868,-36.69106,0.95716,838,12,,-0.236,0.285
117,House,21922,49,29,TX,100,,,"GARCIA, Sylvia",G000587,1950,,-0.782,0.324,-51.88766,0.93975,835,21,,-0.878,0.453
117,House,21925,49,5,TX,200,,,"GOODEN, Lance",G000589,1982,,0.722,-0.06,-160.95086,0.82506,837,73,,0.765,-0.119
117,House,21961,49,21,TX,200,,,"ROY, Charles",R000614,1972,,0.8,-0.6,-103.40277,0.87918,803,44,,0.798,-0.603
117,House,21973,49,3,TX,200,,,"TAYLOR, Nicholas",T000479,1972,,0.581,-0.223,-175.65639,0.80822,825,90,,0.604,-0.245
117,House,21984,49,6,TX,200,,,"WRIGHT, Ron",W000827,1953,2021.0,0.711,-0.09,-0.27921,0.98025,14,0,,0.908,-0.418
117,House,22112,49,4,TX,200,,,"FALLON, Pat",F000246,1967,,0.714,0.119,-119.86911,0.86446,823,53,,0.719,0.146
117,House,22119,49,23,TX,200,,,"GONZALES, Tony",G000594,1980,,0.34,0.234,-70.80144,0.91889,837,31,,0.309,0.384
117,House,22125,49,13,TX,200,,,"JACKSON, Ronny",J000304,1967,,0.775,0.14,-102.44076,0.88051,805,41,,0.78,0.163
117,House,22143,49,22,TX,200,,,"NEHLS, Troy E.",N000026,1968,,0.611,-0.245,-145.02856,0.83771,819,69,,0.636,-0.114
117,House,22147,49,11,TX,200,,,"PFLUGER, August",P000048,1977,,0.637,0.371,-86.42011,0.90009,821,37,,0.662,0.367
117,House,22155,49,24,TX,200,,,"VAN DUYNE, Beth",V000134,1970,,0.604,0.003,-122.6286,0.86357,836,59,,0.577,0.01
117,House,22160,49,6,TX,200,,,"ELLZEY, Jake",E000071,1970,,0.515,0.698,-71.25487,0.88907,606,30,,0.514,0.358
117,House,22165,49,34,TX,200,,,"FLORES, Mayra",F000473,1986,,0.336,0.623,-18.15622,0.92995,250,5,,0.342,0.653
117,House,29571,49,35,TX,100,,,"DOGGETT, Lloyd Alton, II",D000399,1946,,-0.402,-0.33,-21.06722,0.97503,833,5,,-0.329,-0.409
117,House,29573,49,18,TX,100,,,"JACKSON LEE, Sheila",J000032,1950,,-0.459,0.121,-15.23919,0.98192,835,7,,-0.391,-0.147
117,House,29759,49,17,TX,200,,,"SESSIONS, Pete",S000250,1955,,0.585,0.169,-168.15802,0.8158,826,70,,0.587,-0.035
117,House,29760,49,8,TX,200,,,"BRADY, Kevin Patrick",B000755,1955,,0.52,0.239,-73.2156,0.89863,685,27,,0.477,0.473
117,House,29762,49,12,TX,200,,,"GRANGER, Kay",G000377,1943,,0.403,0.243,-132.11536,0.85119,820,49,,0.465,0.201
117,House,39305,49,30,TX,100,,,"JOHNSON, Eddie Bernice",J000126,1934,2023.0,-0.485,0.198,-19.27868,0.97709,832,11,,-0.488,-0.023
117,House,21367,67,2,UT,200,,,"STEWART, Chris",S001192,1960,,0.499,0.167,-101.11933,0.88607,836,40,,0.439,0.136
117,House,21755,67,3,UT,200,,,"CURTIS, John R.",C001114,1960,,0.447,0.128,-111.46434,0.87405,828,43,,0.409,0.121
117,House,22141,67,1,UT,200,,,"MOORE, Blake D.",M001213,1980,,0.365,0.322,-70.64477,0.91869,833,26,,0.349,0.353
117,House,22146,67,4,UT,200,,,"OWENS, Burgess",O000086,1951,,0.452,0.164,-81.70145,0.90647,832,31,,0.451,0.249
117,House,20750,6,1,VT,100,,,"WELCH, Peter",W000800,1947,,-0.41,-0.381,-24.42673,0.97086,826,11,,-0.301,-0.469
117,House,21994,96,0,VI,100,,,"PLASKETT, Stacey E.",P000610,1966,,-0.451,0.507,-0.84634,0.94134,14,0,,-0.411,-0.874
117,House,20756,40,1,VA,200,,,"WITTMAN, Robert J.",W000804,1959,,0.448,0.02,-82.34278,0.90196,798,25,,0.463,0.181
117,House,20952,40,11,VA,100,,,"CONNOLLY, Gerald E. (Gerry)",C001078,1950,,-0.309,-0.047,-20.98162,0.97527,838,7,,-0.311,-0.101
117,House,21191,40,9,VA,200,,,"GRIFFITH, H. Morgan",G000568,1958,,0.513,-0.347,-182.43577,0.80096,822,88,,0.499,-0.356
117,House,21554,40,8,VA,100,,,"BEYER, Donald Sternoff Jr.",B001292,1950,,-0.391,-0.102,-11.46285,0.98641,838,3,,-0.409,-0.123
117,House,21736,40,4,VA,100,,,"MCEACHIN, Aston Donald",M001200,1961,2022.0,-0.381,-0.017,-19.80339,0.97496,781,12,,-0.493,0.309
117,House,21908,40,6,VA,200,,,"CLINE, Benjamin",C001118,1972,,0.715,-0.205,-133.04656,0.8514,827,52,,0.734,-0.17
117,House,21941,40,2,VA,100,,,"LURIA, Elaine",L000591,1975,,-0.206,0.426,-48.57943,0.94374,839,15,,-0.401,0.854
117,House,21966,40,7,VA,100,,,"SPANBERGER, Abigail",S001209,1979,,-0.196,0.3,-44.74797,0.9477,833,18,,-0.197,0.41
117,House,21983,40,10,VA,100,,,"WEXTON, Jennifer",W000825,1968,,-0.384,0.302,-32.8902,0.96147,837,18,,-0.252,0.205
117,House,22120,40,5,VA,200,,,"GOOD, Bob",G000595,1965,,0.8,-0.6,-136.88357,0.84381,806,66,,0.835,-0.359
117,House,39307,40,3,VA,100,,,"SCOTT, Robert C.",S000185,1947,,-0.45,-0.003,-15.65706,0.98145,836,9,,-0.488,0.096
117,House,20145,73,2,WA,100,,,"LARSEN, Richard Ray (Rick)",L000560,1965,,-0.365,0.165,-18.5505,0.97779,826,6,,-0.435,0.113
117,House,20535,73,5,WA,200,,,"McMORRIS RODGERS, Cathy",M001159,1969,,0.436,0.098,-78.70519,0.90901,825,29,,0.402,0.333
117,House,21187,73,3,WA,200,,,"HERRERA BEUTLER, Jaime",H001056,1978,,0.336,-0.129,-125.94746,0.85632,812,53,,0.286,0.129
117,House,21368,73,6,WA,100,,,"KILMER, Derek",K000381,1974,,-0.316,0.005,-13.44334,0.9841,839,5,,-0.305,-0.081
117,House,21556,73,4,WA,200,,,"NEWHOUSE, Daniel Milton",N000189,1955,,0.318,0.328,-83.35434,0.90346,821,38,,0.291,0.379
117,House,21726,73,7,WA,100,,,"JAYAPAL, Pramila",J000298,1965,,-0.627,-0.543,-16.17263,0.98084,836,5,,-0.472,-0.636
117,House,21962,73,8,WA,100,,,"SCHRIER, Kim",S001216,1968,,-0.283,0.423,-25.08834,0.97051,838,10,,-0.295,0.59
117,House,22153,73,10,WA,100,,,"STRICKLAND, Marilyn",S001159,1962,,-0.46,0.396,-23.10526,0.97235,824,11,,-0.399,0.356
117,House,29768,73,9,WA,100,,,"SMITH, Adam",S000510,1965,,-0.29,-0.164,-26.46725,0.96884,836,10,,-0.612,0.18
117,House,31101,73,1,WA,100,,,"DelBENE, Suzan K.",D000617,1962,,-0.292,-0.203,-19.76299,0.97675,840,7,,-0.475,0.289
117,House,21188,56,1,WV,200,,,"McKINLEY, David",M001180,1947,,0.3,0.178,-109.51066,0.86381,748,48,,0.298,0.113
117,House,21557,56,2,WV,200,,,"MOONEY, Alex X.",M001195,1971,,0.568,-0.241,-142.94044,0.84127,827,64,,0.537,-0.044
117,House,21946,56,3,WV,200,,,"MILLER, Carol",M001205,1950,,0.525,0.108,-66.6609,0.92156,816,15,,0.501,0.384
117,House,20537,25,4,WI,100,,,"MOORE, Gwendolynne S. (Gwen)",M001160,1951,,-0.521,-0.273,-32.00019,0.96218,830,12,,-0.302,-0.45
117,House,21370,25,2,WI,100,,,"POCAN, Mark",P000607,1964,,-0.525,-0.559,-25.98919,0.96921,831,9,,-0.407,-0.642
117,House,21559,25,6,WI,200,,,"GROTHMAN, Glenn",G000576,1955,,0.599,-0.206,-173.96021,0.81112,831,76,,0.581,-0.285
117,House,21720,25,8,WI,200,,,"GALLAGHER, Michael",G000579,1984,,0.437,0.033,-108.12818,0.87632,819,42,,0.412,0.086
117,House,21970,25,1,WI,200,,,"STEIL, Bryan",S001213,1981,,0.417,0.064,-77.08753,0.91221,839,30,,0.424,0.176
117,House,21989,25,7,WI,200,,,"TIFFANY, Thomas P.",T000165,1957,,0.642,-0.246,-133.41465,0.84692,803,58,,0.641,-0.19
117,House,22115,25,5,WI,200,,,"FITZGERALD, Scott",F000471,1963,,0.6,0.085,-105.68643,0.88044,830,45,,0.617,0.272
117,House,29769,25,3,WI,100,,,"KIND, Ron",K000188,1963,,-0.26,-0.08,-65.96909,0.92421,837,20,,-0.176,-0.105
117,House,21710,68,1,WY,200,,,"CHENEY, Liz",C001109,1966,,0.405,0.82,-188.67119,0.75832,682,70,,0.282,0.815
